STT,ITEM,VENDOR,DESCR,TINH TRANG,STATUS
6,3517119,15506,111-Cty Bot giat LIX-NR,Dang kinh doanh,Y
7,3517120,15506,111-Cty Bot giat LIX-NR,Dang kinh doanh,Y
8,3517121,15506,111-Cty Bot giat LIX-NR,Dang kinh doanh,Y
23,3463102,15790,110-CTy CP HMP My Hao,Ngung kinh doanh,N
28,3541459,15800,110-Cty TNHH 1TV Tri Hoi,Ngung kinh doanh,N
29,3541460,15800,110-Cty TNHH 1TV Tri Hoi,Ngung kinh doanh,N
30,3422431,16506,110-CTyTNHHSXTMDVDaiPhuocThanh-NR,Dang kinh doanh,Y
34,3513556,20779,111-CTyTNHH WILMAR MARKETING CLV-HP,Dang kinh doanh,Y
38,3515339,17733,100-CTY TNHH SX& XD TMDVXNK VINA-NR,Ngung kinh doanh,N
39,3196366,15800,110-Cty TNHH 1TV Tri Hoi,Ngung kinh doanh,N
40,3196367,15800,110-Cty TNHH 1TV Tri Hoi,Ngung kinh doanh,N
81,3501639,20484,100-CTYCP DUOC PHAM&SINH HOC YTE-NR,Dang kinh doanh,Y
82,3501640,20484,100-CTYCP DUOC PHAM&SINH HOC YTE-NR,Dang kinh doanh,Y
83,3501641,20484,100-CTYCP DUOC PHAM&SINH HOC YTE-NR,Dang kinh doanh,Y
101,3329700,16506,110-CTyTNHHSXTMDVDaiPhuocThanh-NR,Dang kinh doanh,Y
126,3545292,16760,110-Cua Hang Hue Lam,Dang kinh doanh,Y
138,3132145,15790,110-CTy CP HMP My Hao,Dang kinh doanh,Y
139,3132228,15790,110-CTy CP HMP My Hao,Ngung kinh doanh,N
142,3386499,15506,111-Cty Bot giat LIX-NR,Dang kinh doanh,Y
143,3386500,15506,111-Cty Bot giat LIX-NR,Dang kinh doanh,Y
144,3386501,15506,111-Cty Bot giat LIX-NR,Dang kinh doanh,Y
145,3386502,15506,111-Cty Bot giat LIX-NR,Dang kinh doanh,Y
146,3386503,15506,111-Cty Bot giat LIX-NR,Ngung kinh doanh,N
147,3386504,15506,111-Cty Bot giat LIX-NR,Dang kinh doanh,Y
148,3386505,15506,111-Cty Bot giat LIX-NR,Dang kinh doanh,Y
149,3386506,15506,111-Cty Bot giat LIX-NR,Dang kinh doanh,Y
150,3386507,15506,111-Cty Bot giat LIX-NR,Dang kinh doanh,Y
151,3386508,15506,111-Cty Bot giat LIX-NR,Dang kinh doanh,Y
152,3386509,15506,111-Cty Bot giat LIX-NR,Dang kinh doanh,Y
153,3491227,15506,111-Cty Bot giat LIX-NR,Dang kinh doanh,Y
154,3491953,15800,110-Cty TNHH 1TV Tri Hoi,Ngung kinh doanh,N
155,3008485,12483,110-Cty TNHH SXTM TyTy(HMP),Dang kinh doanh,Y
173,3295614,15506,111-Cty Bot giat LIX-NR,Dang kinh doanh,Y
179,3497823,15506,111-Cty Bot giat LIX-NR,Dang kinh doanh,Y
184,3372479,16506,110-CTyTNHHSXTMDVDaiPhuocThanh-NR,Dang kinh doanh,Y
197,3054635,15790,110-CTy CP HMP My Hao,Ngung kinh doanh,N
198,3054651,12483,110-Cty TNHH SXTM TyTy(HMP),Dang kinh doanh,Y
203,3257943,16760,110-Cua Hang Hue Lam,Dang kinh doanh,Y
204,3257947,16760,110-Cua Hang Hue Lam,Ngung kinh doanh,N
205,3257948,16760,110-Cua Hang Hue Lam,Dang kinh doanh,Y
209,3314153,15506,111-Cty Bot giat LIX-NR,Dang kinh doanh,Y
210,3314154,15506,111-Cty Bot giat LIX-NR,Dang kinh doanh,Y
216,3123559,12483,110-Cty TNHH SXTM TyTy(HMP),Dang kinh doanh,Y
234,3250058,15506,111-Cty Bot giat LIX-NR,Dang kinh doanh,Y
235,3250059,15506,111-Cty Bot giat LIX-NR,Dang kinh doanh,Y
238,3284516,15506,111-Cty Bot giat LIX-NR,Dang kinh doanh,Y
240,3285331,15800,110-Cty TNHH 1TV Tri Hoi,Ngung kinh doanh,N
245,3008472,14653,110-DNTN Dai Phat,Dang kinh doanh,Y
246,3008478,12483,110-Cty TNHH SXTM TyTy(HMP),Dang kinh doanh,Y
247,3008479,12483,110-Cty TNHH SXTM TyTy(HMP),Dang kinh doanh,Y
248,3008481,12483,110-Cty TNHH SXTM TyTy(HMP),Dang kinh doanh,Y
249,3008482,12483,110-Cty TNHH SXTM TyTy(HMP),Dang kinh doanh,Y
250,3008486,12483,110-Cty TNHH SXTM TyTy(HMP),Dang kinh doanh,Y
251,3008490,12483,110-Cty TNHH SXTM TyTy(HMP),Dang kinh doanh,Y
268,3449108,16506,110-CTyTNHHSXTMDVDaiPhuocThanh-NR,Dang kinh doanh,Y
271,3140316,14530,110-Co so Nguyen Van Sau,Dang kinh doanh,Y
285,3390942,15790,110-CTy CP HMP My Hao,Ngung kinh doanh,N
286,3390945,15790,110-CTy CP HMP My Hao,Ngung kinh doanh,N
288,3493891,16506,110-CTyTNHHSXTMDVDaiPhuocThanh-NR,Dang kinh doanh,Y
289,3493892,16506,110-CTyTNHHSXTMDVDaiPhuocThanh-NR,Dang kinh doanh,Y
294,3525066,21076,110-Cong Ty TNHH SALACOS -NR,Dang kinh doanh,Y
299,3282741,16760,110-Cua Hang Hue Lam,Dang kinh doanh,Y
302,3535758,21076,110-Cong Ty TNHH SALACOS -NR,Dang kinh doanh,Y
304,3137587,15790,110-CTy CP HMP My Hao,Dang kinh doanh,Y
305,3137588,15790,110-CTy CP HMP My Hao,Dang kinh doanh,Y
306,3137589,15790,110-CTy CP HMP My Hao,Ngung kinh doanh,N
320,3515340,17733,100-CTY TNHH SX& XD TMDVXNK VINA-NR,Dang kinh doanh,Y
321,3515341,17733,100-CTY TNHH SX& XD TMDVXNK VINA-NR,Dang kinh doanh,Y
322,3515342,17733,100-CTY TNHH SX& XD TMDVXNK VINA-NR,Dang kinh doanh,Y
323,3515343,17733,100-CTY TNHH SX& XD TMDVXNK VINA-NR,Dang kinh doanh,Y
334,3513552,20779,111-CTyTNHH WILMAR MARKETING CLV-HP,Dang kinh doanh,Y
335,3513553,20779,111-CTyTNHH WILMAR MARKETING CLV-HP,Ngung kinh doanh,N
336,3513554,20779,111-CTyTNHH WILMAR MARKETING CLV-HP,Dang kinh doanh,Y
337,3513555,20779,111-CTyTNHH WILMAR MARKETING CLV-HP,Dang kinh doanh,Y
366,3521129,20484,100-CTYCP DUOC PHAM&SINH HOC YTE-NR,Dang kinh doanh,Y
367,3521130,20484,100-CTYCP DUOC PHAM&SINH HOC YTE-NR,Dang kinh doanh,Y
368,3521131,17733,100-CTY TNHH SX& XD TMDVXNK VINA-NR,Dang kinh doanh,Y
385,3314078,16760,110-Cua Hang Hue Lam,Ngung kinh doanh,N
386,3314147,15506,111-Cty Bot giat LIX-NR,Dang kinh doanh,Y
387,3452209,15506,111-Cty Bot giat LIX-NR,Dang kinh doanh,Y
388,3452211,17559,110-CONG TY TNHH NTPM(VIET NAM)-NR,Dang kinh doanh,Y
389,3452217,17559,110-CONG TY TNHH NTPM(VIET NAM)-NR,Dang kinh doanh,Y
390,3452218,17559,110-CONG TY TNHH NTPM(VIET NAM)-NR,Dang kinh doanh,Y
391,3452220,17559,110-CONG TY TNHH NTPM(VIET NAM)-NR,Dang kinh doanh,Y
392,3452222,17559,110-CONG TY TNHH NTPM(VIET NAM)-NR,Dang kinh doanh,Y
393,3452223,17559,110-CONG TY TNHH NTPM(VIET NAM)-NR,Dang kinh doanh,Y
406,3184818,15506,111-Cty Bot giat LIX-NR,Dang kinh doanh,Y
407,3184823,15506,111-Cty Bot giat LIX-NR,Dang kinh doanh,Y
408,3184824,15506,111-Cty Bot giat LIX-NR,Dang kinh doanh,Y
413,3500596,17559,110-CONG TY TNHH NTPM(VIET NAM)-NR,Dang kinh doanh,Y
416,3160021,15506,111-Cty Bot giat LIX-NR,Dang kinh doanh,Y
417,3160022,15506,111-Cty Bot giat LIX-NR,Dang kinh doanh,Y
418,3160023,15506,111-Cty Bot giat LIX-NR,Dang kinh doanh,Y
419,3160024,15506,111-Cty Bot giat LIX-NR,Dang kinh doanh,Y
434,3288046,15800,110-Cty TNHH 1TV Tri Hoi,Ngung kinh doanh,N
436,3333828,15506,111-Cty Bot giat LIX-NR,Dang kinh doanh,Y
437,3333830,15506,111-Cty Bot giat LIX-NR,Dang kinh doanh,Y
438,3333833,15506,111-Cty Bot giat LIX-NR,Dang kinh doanh,Y
439,3333834,15506,111-Cty Bot giat LIX-NR,Dang kinh doanh,Y
440,3333835,15506,111-Cty Bot giat LIX-NR,Dang kinh doanh,Y
441,3372212,15506,111-Cty Bot giat LIX-NR,Dang kinh doanh,Y
442,3372213,15506,111-Cty Bot giat LIX-NR,Dang kinh doanh,Y
443,3372214,15506,111-Cty Bot giat LIX-NR,Ngung kinh doanh,N
445,3372481,16506,110-CTyTNHHSXTMDVDaiPhuocThanh-NR,Dang kinh doanh,Y
461,3530731,21076,110-Cong Ty TNHH SALACOS -NR,Dang kinh doanh,Y
462,3530732,21076,110-Cong Ty TNHH SALACOS -NR,Dang kinh doanh,Y
463,3530733,21076,110-Cong Ty TNHH SALACOS -NR,Dang kinh doanh,Y
464,3530734,21076,110-Cong Ty TNHH SALACOS -NR,Dang kinh doanh,Y
471,3523764,17559,110-CONG TY TNHH NTPM(VIET NAM)-NR,Dang kinh doanh,Y
472,3523765,17559,110-CONG TY TNHH NTPM(VIET NAM)-NR,Dang kinh doanh,Y
473,3523766,17559,110-CONG TY TNHH NTPM(VIET NAM)-NR,Dang kinh doanh,Y
483,3524461,20536,100-CTYTNHH THIET BI YTE HA TRAN-NR,Ngung kinh doanh,N
484,3524462,20536,100-CTYTNHH THIET BI YTE HA TRAN-NR,Ngung kinh doanh,N
497,3356098,15506,111-Cty Bot giat LIX-NR,Dang kinh doanh,Y
498,3356101,15506,111-Cty Bot giat LIX-NR,Dang kinh doanh,Y
511,3192268,16760,110-Cua Hang Hue Lam,Ngung kinh doanh,N
528,3473446,17559,110-CONG TY TNHH NTPM(VIET NAM)-NR,Dang kinh doanh,Y
532,3277949,15506,111-Cty Bot giat LIX-NR,Dang kinh doanh,Y
533,3277950,15506,111-Cty Bot giat LIX-NR,Dang kinh doanh,Y
548,3501642,20484,100-CTYCP DUOC PHAM&SINH HOC YTE-NR,Dang kinh doanh,Y
565,3541455,15800,110-Cty TNHH 1TV Tri Hoi,Ngung kinh doanh,N
590,3553316,20779,111-CTyTNHH WILMAR MARKETING CLV-HP,Dang kinh doanh,Y
597,3269076,16506,110-CTyTNHHSXTMDVDaiPhuocThanh-NR,Dang kinh doanh,Y
598,3271310,16760,110-Cua Hang Hue Lam,Ngung kinh doanh,N
600,3320019,15506,111-Cty Bot giat LIX-NR,Dang kinh doanh,Y
613,3535759,21076,110-Cong Ty TNHH SALACOS -NR,Dang kinh doanh,Y
614,3535760,21076,110-Cong Ty TNHH SALACOS -NR,Dang kinh doanh,Y
615,3535761,21076,110-Cong Ty TNHH SALACOS -NR,Dang kinh doanh,Y
624,3537271,17733,100-CTY TNHH SX& XD TMDVXNK VINA-NR,Dang kinh doanh,Y
633,3384314,15800,110-Cty TNHH 1TV Tri Hoi,Ngung kinh doanh,N
638,3437745,15506,111-Cty Bot giat LIX-NR,Dang kinh doanh,Y
640,3437748,15506,111-Cty Bot giat LIX-NR,Dang kinh doanh,Y
641,3437749,15506,111-Cty Bot giat LIX-NR,Dang kinh doanh,Y
642,3437750,15506,111-Cty Bot giat LIX-NR,Ngung kinh doanh,N
673,3525067,21076,110-Cong Ty TNHH SALACOS -NR,Dang kinh doanh,Y
674,3525068,21076,110-Cong Ty TNHH SALACOS -NR,Dang kinh doanh,Y
675,3525069,21076,110-Cong Ty TNHH SALACOS -NR,Dang kinh doanh,Y
676,3525114,17733,100-CTY TNHH SX& XD TMDVXNK VINA-NR,Dang kinh doanh,Y
677,3525115,17733,100-CTY TNHH SX& XD TMDVXNK VINA-NR,Dang kinh doanh,Y
678,3525116,20484,100-CTYCP DUOC PHAM&SINH HOC YTE-NR,Dang kinh doanh,Y
680,3527979,17559,110-CONG TY TNHH NTPM(VIET NAM)-NR,Dang kinh doanh,Y
681,3527980,17733,100-CTY TNHH SX& XD TMDVXNK VINA-NR,Ngung kinh doanh,N
694,3282513,15506,111-Cty Bot giat LIX-NR,Dang kinh doanh,Y
696,3282735,16760,110-Cua Hang Hue Lam,Ngung kinh doanh,N
697,3282736,16760,110-Cua Hang Hue Lam,Ngung kinh doanh,N
698,3282737,16760,110-Cua Hang Hue Lam,Ngung kinh doanh,N
706,3466392,15790,110-CTy CP HMP My Hao,Ngung kinh doanh,N
707,3467305,15790,110-CTy CP HMP My Hao,Ngung kinh doanh,N
711,3217101,15506,111-Cty Bot giat LIX-NR,Dang kinh doanh,Y
712,3217105,15506,111-Cty Bot giat LIX-NR,Dang kinh doanh,Y
716,3110820,15790,110-CTy CP HMP My Hao,Dang kinh doanh,Y
717,3110821,15790,110-CTy CP HMP My Hao,Dang kinh doanh,Y
724,3463138,15790,110-CTy CP HMP My Hao,Ngung kinh doanh,N
725,3463139,15790,110-CTy CP HMP My Hao,Ngung kinh doanh,N
726,3463140,15790,110-CTy CP HMP My Hao,Ngung kinh doanh,N
727,3463141,15790,110-CTy CP HMP My Hao,Ngung kinh doanh,N
728,3463142,15790,110-CTy CP HMP My Hao,Ngung kinh doanh,N
729,3463143,15790,110-CTy CP HMP My Hao,Ngung kinh doanh,N
730,3463144,15790,110-CTy CP HMP My Hao,Ngung kinh doanh,N
731,3463145,15790,110-CTy CP HMP My Hao,Ngung kinh doanh,N
746,3422432,16506,110-CTyTNHHSXTMDVDaiPhuocThanh-NR,Dang kinh doanh,Y
756,3007093,15790,110-CTy CP HMP My Hao,Dang kinh doanh,Y
772,3296686,15506,111-Cty Bot giat LIX-NR,Ngung kinh doanh,N
780,3343735,15506,111-Cty Bot giat LIX-NR,Dang kinh doanh,Y
785,3545291,16760,110-Cua Hang Hue Lam,Ngung kinh doanh,N
806,3537640,20536,100-CTYTNHH THIET BI YTE HA TRAN-NR,Ngung kinh doanh,N
817,3538788,20779,111-CTyTNHH WILMAR MARKETING CLV-HP,Dang kinh doanh,Y
818,3538789,20779,111-CTyTNHH WILMAR MARKETING CLV-HP,Dang kinh doanh,Y
821,3540979,20779,111-CTyTNHH WILMAR MARKETING CLV-HP,Ngung kinh doanh,N
822,3540980,20779,111-CTyTNHH WILMAR MARKETING CLV-HP,Ngung kinh doanh,N
831,3541456,15800,110-Cty TNHH 1TV Tri Hoi,Ngung kinh doanh,N
832,3541457,15800,110-Cty TNHH 1TV Tri Hoi,Ngung kinh doanh,N
833,3541458,15800,110-Cty TNHH 1TV Tri Hoi,Ngung kinh doanh,N
834,3541461,15800,110-Cty TNHH 1TV Tri Hoi,Ngung kinh doanh,N
835,3541462,15800,110-Cty TNHH 1TV Tri Hoi,Ngung kinh doanh,N
843,3196362,15800,110-Cty TNHH 1TV Tri Hoi,Ngung kinh doanh,N
844,3196363,15800,110-Cty TNHH 1TV Tri Hoi,Ngung kinh doanh,N
845,3196365,15800,110-Cty TNHH 1TV Tri Hoi,Ngung kinh doanh,N
846,3196368,15800,110-Cty TNHH 1TV Tri Hoi,Ngung kinh doanh,N
847,3196370,15800,110-Cty TNHH 1TV Tri Hoi,Ngung kinh doanh,N
854,3408174,15506,111-Cty Bot giat LIX-NR,Ngung kinh doanh,N
855,3408176,15506,111-Cty Bot giat LIX-NR,Dang kinh doanh,Y
858,3503165,16760,110-Cua Hang Hue Lam,Ngung kinh doanh,N
861,3503301,20536,100-CTYTNHH THIET BI YTE HA TRAN-NR,Ngung kinh doanh,N
862,3503302,20536,100-CTYTNHH THIET BI YTE HA TRAN-NR,Ngung kinh doanh,N
863,3503303,20536,100-CTYTNHH THIET BI YTE HA TRAN-NR,Ngung kinh doanh,N
STT,ITEM,VENDOR,DESCR,TINH TRANG,STATUS
71,3317725,10023,111-Cty Ajinomoto Bien Hoa ,Dang kinh doanh,Y
75,3416065,10023,111-Cty Ajinomoto Bien Hoa ,Dang kinh doanh,Y
76,3416066,10023,111-Cty Ajinomoto Bien Hoa ,Dang kinh doanh,Y
77,3416071,10023,111-Cty Ajinomoto Bien Hoa ,Dang kinh doanh,Y
160,3005073,10023,111-Cty Ajinomoto Bien Hoa ,Dang kinh doanh,Y
161,3005075,10023,111-Cty Ajinomoto Bien Hoa ,Dang kinh doanh,Y
162,3005077,10023,111-Cty Ajinomoto Bien Hoa ,Dang kinh doanh,Y
172,3295355,10023,111-Cty Ajinomoto Bien Hoa ,Dang kinh doanh,Y
206,3258064,10023,111-Cty Ajinomoto Bien Hoa ,Dang kinh doanh,Y
227,3489126,10023,111-Cty Ajinomoto Bien Hoa ,Dang kinh doanh,Y
478,3524289,10023,111-Cty Ajinomoto Bien Hoa ,Ngung Kinh Doanh,N
499,3356234,10023,111-Cty Ajinomoto Bien Hoa ,Dang kinh doanh,Y
512,3192836,10023,111-Cty Ajinomoto Bien Hoa ,Dang kinh doanh,Y
519,3286741,10023,111-Cty Ajinomoto Bien Hoa ,Dang kinh doanh,Y
603,3532867,10023,111-Cty Ajinomoto Bien Hoa ,Dang kinh doanh,Y
616,3536326,10023,111-Cty Ajinomoto Bien Hoa ,Dang kinh doanh,Y
625,3126487,10023,111-Cty Ajinomoto Bien Hoa ,Dang kinh doanh,Y
695,3282731,10023,111-Cty Ajinomoto Bien Hoa ,Dang kinh doanh,Y
708,3467853,10023,111-Cty Ajinomoto Bien Hoa ,Dang kinh doanh,Y
709,3214107,10023,111-Cty Ajinomoto Bien Hoa ,Dang kinh doanh,Y
710,3216135,10023,111-Cty Ajinomoto Bien Hoa ,Dang kinh doanh,Y
721,3377186,10023,111-Cty Ajinomoto Bien Hoa ,Dang kinh doanh,Y
736,3401492,10023,111-Cty Ajinomoto Bien Hoa ,Dang kinh doanh,Y
737,3401493,10023,111-Cty Ajinomoto Bien Hoa ,Dang kinh doanh,Y
738,3401494,10023,111-Cty Ajinomoto Bien Hoa ,Dang kinh doanh,Y
757,3290133,10023,111-Cty Ajinomoto Bien Hoa ,Dang kinh doanh,Y
758,3290134,10023,111-Cty Ajinomoto Bien Hoa ,Dang kinh doanh,Y
766,3345933,10023,111-Cty Ajinomoto Bien Hoa ,Dang kinh doanh,Y
768,3229501,10023,111-Cty Ajinomoto Bien Hoa ,Dang kinh doanh,Y
769,3231570,10023,111-Cty Ajinomoto Bien Hoa ,Dang kinh doanh,Y
859,3503221,10023,111-Cty Ajinomoto Bien Hoa ,Dang kinh doanh,Y
51,3427995,11119,110-Cty TNHH Lotte Viet Nam,Dang kinh doanh,Y
52,3427998,11119,110-Cty TNHH Lotte Viet Nam,Dang kinh doanh,Y
92,3102394,11119,110-Cty TNHH Lotte Viet Nam,Dang kinh doanh,Y
93,3102395,11119,110-Cty TNHH Lotte Viet Nam,Dang kinh doanh,Y
132,3348492,11119,110-Cty TNHH Lotte Viet Nam,Dang kinh doanh,Y
176,3453969,11119,110-Cty TNHH Lotte Viet Nam,Dang kinh doanh,Y
228,3489128,11119,110-Cty TNHH Lotte Viet Nam,Ngung Kinh Doanh,N
272,3143098,11119,110-Cty TNHH Lotte Viet Nam,Dang kinh doanh,Y
314,3492416,11119,110-Cty TNHH Lotte Viet Nam,Ngung Kinh Doanh,N
361,3512339,11119,110-Cty TNHH Lotte Viet Nam,Dang kinh doanh,Y
369,3521651,11119,110-Cty TNHH Lotte Viet Nam,Ngung Kinh Doanh,N
370,3521652,11119,110-Cty TNHH Lotte Viet Nam,Ngung Kinh Doanh,N
394,3110011,11119,110-Cty TNHH Lotte Viet Nam,Dang kinh doanh,Y
395,3110012,11119,110-Cty TNHH Lotte Viet Nam,Dang kinh doanh,Y
401,3460189,11119,110-Cty TNHH Lotte Viet Nam,Ngung Kinh Doanh,N
432,3224617,11119,110-Cty TNHH Lotte Viet Nam,Dang kinh doanh,Y
477,3524202,11119,110-Cty TNHH Lotte Viet Nam,Dang kinh doanh,Y
510,3150386,11119,110-Cty TNHH Lotte Viet Nam,Dang kinh doanh,Y
526,3365210,11119,110-Cty TNHH Lotte Viet Nam,Dang kinh doanh,Y
527,3365211,11119,110-Cty TNHH Lotte Viet Nam,Dang kinh doanh,Y
530,3276842,11119,110-Cty TNHH Lotte Viet Nam,Dang kinh doanh,Y
531,3276843,11119,110-Cty TNHH Lotte Viet Nam,Dang kinh doanh,Y
599,3318852,11119,110-Cty TNHH Lotte Viet Nam,Dang kinh doanh,Y
602,3361960,11119,110-Cty TNHH Lotte Viet Nam,Dang kinh doanh,Y
660,3352990,11119,110-Cty TNHH Lotte Viet Nam,Dang kinh doanh,Y
720,3337528,11119,110-Cty TNHH Lotte Viet Nam,Dang kinh doanh,Y
735,3400708,11119,110-Cty TNHH Lotte Viet Nam,Dang kinh doanh,Y
786,3545693,11119,110-Cty TNHH Lotte Viet Nam,Ngung Kinh Doanh,N
796,3201689,11119,110-Cty TNHH Lotte Viet Nam,Dang kinh doanh,Y
797,3205668,11119,110-Cty TNHH Lotte Viet Nam,Dang kinh doanh,Y
851,3199550,11119,110-Cty TNHH Lotte Viet Nam,Dang kinh doanh,Y
856,3495684,11119,110-Cty TNHH Lotte Viet Nam,Dang kinh doanh,Y
857,3502829,11119,110-Cty TNHH Lotte Viet Nam,Dang kinh doanh,Y
158,3005069,11266,110-Cty CP Tap Doan Muoi Mien Nam,Dang kinh doanh,Y
159,3005070,11266,110-Cty CP Tap Doan Muoi Mien Nam,Dang kinh doanh,Y
189,3054454,11266,110-Cty CP Tap Doan Muoi Mien Nam,Ngung Kinh Doanh,N
140,3173260,11841,130-Cty TNHH Saigon Ve Wong,Dang kinh doanh,Y
485,3040978,11841,130-Cty TNHH Saigon Ve Wong,Dang kinh doanh,Y
486,3040979,11841,130-Cty TNHH Saigon Ve Wong,Dang kinh doanh,Y
487,3040982,11841,130-Cty TNHH Saigon Ve Wong,Dang kinh doanh,Y
488,3040983,11841,130-Cty TNHH Saigon Ve Wong,Dang kinh doanh,Y
489,3040988,11841,130-Cty TNHH Saigon Ve Wong,Dang kinh doanh,Y
70,3063378,12015,130-CTY TNHH TM&CBTP Tien Du,Dang kinh doanh,Y
429,3004519,12015,130-CTY TNHH TM&CBTP Tien Du,Dang kinh doanh,Y
430,3004551,12015,130-CTY TNHH TM&CBTP Tien Du,Dang kinh doanh,Y
257,3442428,12320,111-Cty TNHH MTV TNI,Ngung Kinh Doanh,N
258,3442429,12320,111-Cty TNHH MTV TNI,Ngung Kinh Doanh,N
259,3442481,12320,111-Cty TNHH MTV TNI,Ngung Kinh Doanh,N
277,3493351,12320,111-Cty TNHH MTV TNI,Ngung Kinh Doanh,N
278,3493352,12320,111-Cty TNHH MTV TNI,Ngung Kinh Doanh,N
287,3481810,12320,111-Cty TNHH MTV TNI,Dang kinh doanh,Y
353,3440244,12320,111-Cty TNHH MTV TNI,Dang kinh doanh,Y
354,3440249,12320,111-Cty TNHH MTV TNI,Dang kinh doanh,Y
355,3440252,12320,111-Cty TNHH MTV TNI,Dang kinh doanh,Y
506,3468909,12320,111-Cty TNHH MTV TNI,Dang kinh doanh,Y
557,3413710,12320,111-Cty TNHH MTV TNI,Dang kinh doanh,Y
558,3413711,12320,111-Cty TNHH MTV TNI,Dang kinh doanh,Y
559,3413712,12320,111-Cty TNHH MTV TNI,Dang kinh doanh,Y
715,3451265,12320,111-Cty TNHH MTV TNI,Dang kinh doanh,Y
740,3422157,12320,111-Cty TNHH MTV TNI,Dang kinh doanh,Y
741,3422161,12320,111-Cty TNHH MTV TNI,Dang kinh doanh,Y
264,3444798,12532,100-Cty CP CNTP Luong Gia-NR,Dang kinh doanh,Y
265,3444807,12532,100-Cty CP CNTP Luong Gia-NR,Dang kinh doanh,Y
311,3387928,12547,131-Cty CP Uniben,Dang kinh doanh,Y
332,3432384,12547,131-Cty CP Uniben,Dang kinh doanh,Y
333,3432386,12547,131-Cty CP Uniben,Dang kinh doanh,Y
518,3494751,12547,131-Cty CP Uniben,Dang kinh doanh,Y
554,3403158,12547,131-Cty CP Uniben,Dang kinh doanh,Y
555,3403160,12547,131-Cty CP Uniben,Dang kinh doanh,Y
556,3403162,12547,131-Cty CP Uniben,Dang kinh doanh,Y
713,3217598,12547,131-Cty CP Uniben,Dang kinh doanh,Y
848,3199340,12547,131-Cty CP Uniben,Dang kinh doanh,Y
849,3199341,12547,131-Cty CP Uniben,Dang kinh doanh,Y
850,3199342,12547,131-Cty CP Uniben,Dang kinh doanh,Y
188,3050100,14337,130-Cty TNHH VINH TIEN,Dang kinh doanh,Y
190,3054513,14337,130-Cty TNHH VINH TIEN,Dang kinh doanh,Y
191,3054515,14337,130-Cty TNHH VINH TIEN,Dang kinh doanh,Y
192,3054516,14337,130-Cty TNHH VINH TIEN,Dang kinh doanh,Y
193,3054518,14337,130-Cty TNHH VINH TIEN,Dang kinh doanh,Y
194,3054519,14337,130-Cty TNHH VINH TIEN,Dang kinh doanh,Y
195,3054520,14337,130-Cty TNHH VINH TIEN,Dang kinh doanh,Y
687,3244892,14337,130-Cty TNHH VINH TIEN,Dang kinh doanh,Y
96,3103653,15348,130-CTY CP SX Tra Hung Phat,Dang kinh doanh,Y
97,3103654,15348,130-CTY CP SX Tra Hung Phat,Dang kinh doanh,Y
196,3054535,15348,130-CTY CP SX Tra Hung Phat,Ngung Kinh Doanh,N
213,3097779,15348,130-CTY CP SX Tra Hung Phat,Dang kinh doanh,Y
255,3325998,15348,130-CTY CP SX Tra Hung Phat,Dang kinh doanh,Y
524,3084503,15348,130-CTY CP SX Tra Hung Phat,Dang kinh doanh,Y
525,3084504,15348,130-CTY CP SX Tra Hung Phat,Dang kinh doanh,Y
643,3509078,15348,130-CTY CP SX Tra Hung Phat,Ngung Kinh Doanh,N
263,3444795,15512,100-Cty CP Uniben-NR,Dang kinh doanh,Y
534,3278389,16701,100-Cty CPTP Binh Tay-NR,Dang kinh doanh,Y
535,3278390,16701,100-Cty CPTP Binh Tay-NR,Dang kinh doanh,Y
224,3488561,17259,100-Cty TNHH Le Trung Thien-NR,Dang kinh doanh,Y
225,3488562,17259,100-Cty TNHH Le Trung Thien-NR,Dang kinh doanh,Y
226,3488563,17259,100-Cty TNHH Le Trung Thien-NR,Dang kinh doanh,Y
357,3440951,17259,100-Cty TNHH Le Trung Thien-NR,Dang kinh doanh,Y
358,3440952,17259,100-Cty TNHH Le Trung Thien-NR,Dang kinh doanh,Y
359,3440953,17259,100-Cty TNHH Le Trung Thien-NR,Dang kinh doanh,Y
360,3440955,17259,100-Cty TNHH Le Trung Thien-NR,Dang kinh doanh,Y
665,3454990,17638,100-Cty CP TP Va Do Uong Vinatea-NR,Dang kinh doanh,Y
666,3454991,17638,100-Cty CP TP Va Do Uong Vinatea-NR,Dang kinh doanh,Y
667,3454992,17638,100-Cty CP TP Va Do Uong Vinatea-NR,Dang kinh doanh,Y
668,3454993,17638,100-Cty CP TP Va Do Uong Vinatea-NR,Dang kinh doanh,Y
60,3493826,17639,100-Cty TNHH Eikodo Viet Nam-NR,Dang kinh doanh,Y
669,3454994,17639,100-Cty TNHH Eikodo Viet Nam-NR,Dang kinh doanh,Y
670,3454995,17639,100-Cty TNHH Eikodo Viet Nam-NR,Dang kinh doanh,Y
671,3454996,17639,100-Cty TNHH Eikodo Viet Nam-NR,Dang kinh doanh,Y
672,3454997,17639,100-Cty TNHH Eikodo Viet Nam-NR,Dang kinh doanh,Y
860,3503267,17639,100-Cty TNHH Eikodo Viet Nam-NR,Dang kinh doanh,Y
542,3455948,17666,100-Cty CP SXTM Tai Tai-NR,Dang kinh doanh,Y
166,3295195,19028,110-Cty CP Vinamit-NR,Dang kinh doanh,Y
167,3295196,19028,110-Cty CP Vinamit-NR,Dang kinh doanh,Y
168,3295197,19028,110-Cty CP Vinamit-NR,Dang kinh doanh,Y
169,3295198,19028,110-Cty CP Vinamit-NR,Dang kinh doanh,Y
170,3295199,19028,110-Cty CP Vinamit-NR,Dang kinh doanh,Y
171,3295200,19028,110-Cty CP Vinamit-NR,Dang kinh doanh,Y
284,3390935,19028,110-Cty CP Vinamit-NR,Dang kinh doanh,Y
310,3387857,19028,110-Cty CP Vinamit-NR,Ngung Kinh Doanh,N
180,3505767,19219,130-Cty TNHH Nabati Viet Nam,Ngung Kinh Doanh,N
239,3284683,19219,130-Cty TNHH Nabati Viet Nam,Dang kinh doanh,Y
313,3479885,19219,130-Cty TNHH Nabati Viet Nam,Ngung Kinh Doanh,N
433,3495074,19219,130-Cty TNHH Nabati Viet Nam,Ngung Kinh Doanh,N
446,3373113,19219,130-Cty TNHH Nabati Viet Nam,Dang kinh doanh,Y
451,3529243,19219,130-Cty TNHH Nabati Viet Nam,Ngung Kinh Doanh,N
452,3529244,19219,130-Cty TNHH Nabati Viet Nam,Ngung Kinh Doanh,N
453,3529245,19219,130-Cty TNHH Nabati Viet Nam,Ngung Kinh Doanh,N
454,3529246,19219,130-Cty TNHH Nabati Viet Nam,Ngung Kinh Doanh,N
455,3529247,19219,130-Cty TNHH Nabati Viet Nam,Ngung Kinh Doanh,N
456,3529248,19219,130-Cty TNHH Nabati Viet Nam,Dang kinh doanh,Y
460,3530491,19219,130-Cty TNHH Nabati Viet Nam,Dang kinh doanh,Y
601,3360436,19219,130-Cty TNHH Nabati Viet Nam,Ngung Kinh Doanh,N
634,3384346,19219,130-Cty TNHH Nabati Viet Nam,Dang kinh doanh,Y
635,3384347,19219,130-Cty TNHH Nabati Viet Nam,Dang kinh doanh,Y
657,3352387,19219,130-Cty TNHH Nabati Viet Nam,Dang kinh doanh,Y
808,3538108,19219,130-Cty TNHH Nabati Viet Nam,Dang kinh doanh,Y
853,3408152,19219,130-Cty TNHH Nabati Viet Nam,Dang kinh doanh,Y
174,3341297,19939,100-Cty TNHH Muoi Thanh Phat-NR,Dang kinh doanh,Y
175,3341298,19939,100-Cty TNHH Muoi Thanh Phat-NR,Dang kinh doanh,Y
260,3442900,19939,100-Cty TNHH Muoi Thanh Phat-NR,Dang kinh doanh,Y
501,3459106,19939,100-Cty TNHH Muoi Thanh Phat-NR,Dang kinh doanh,Y
773,3341299,19939,100-Cty TNHH Muoi Thanh Phat-NR,Dang kinh doanh,Y
78,3416680,20142,111-Cty TNHH Wilmar Mar.CLV-Sua ,Dang kinh doanh,Y
79,3416681,20142,111-Cty TNHH Wilmar Mar.CLV-Sua ,Dang kinh doanh,Y
350,3430952,20142,111-Cty TNHH Wilmar Mar.CLV-Sua ,Dang kinh doanh,Y
466,3433445,20142,111-Cty TNHH Wilmar Mar.CLV-Sua ,Dang kinh doanh,Y
553,3175364,20142,111-Cty TNHH Wilmar Mar.CLV-Sua ,Dang kinh doanh,Y
702,3113220,20142,111-Cty TNHH Wilmar Mar.CLV-Sua ,Dang kinh doanh,Y
703,3113222,20142,111-Cty TNHH Wilmar Mar.CLV-Sua ,Dang kinh doanh,Y
324,3515394,20812,100-Cty CP TP ThNhien King Green-NR,Dang kinh doanh,Y
325,3515395,20812,100-Cty CP TP ThNhien King Green-NR,Dang kinh doanh,Y
465,3530862,20812,100-Cty CP TP ThNhien King Green-NR,Dang kinh doanh,Y
649,3519042,20812,100-Cty CP TP ThNhien King Green-NR,Dang kinh doanh,Y
650,3519043,20812,100-Cty CP TP ThNhien King Green-NR,Dang kinh doanh,Y
651,3519044,20812,100-Cty CP TP ThNhien King Green-NR,Dang kinh doanh,Y
652,3519045,20812,100-Cty CP TP ThNhien King Green-NR,Dang kinh doanh,Y
679,3525167,20812,100-Cty CP TP ThNhien King Green-NR,Dang kinh doanh,Y
2,3507730,20846,111-Cty Co Phan Tap Doan KIDO ,Dang kinh doanh,Y
3,3507731,20846,111-Cty Co Phan Tap Doan KIDO ,Dang kinh doanh,Y
99,3284188,20846,111-Cty Co Phan Tap Doan KIDO ,Dang kinh doanh,Y
100,3284196,20846,111-Cty Co Phan Tap Doan KIDO ,Dang kinh doanh,Y
106,3368786,20846,111-Cty Co Phan Tap Doan KIDO ,Dang kinh doanh,Y
136,3496755,20846,111-Cty Co Phan Tap Doan KIDO ,Dang kinh doanh,Y
137,3496756,20846,111-Cty Co Phan Tap Doan KIDO ,Dang kinh doanh,Y
163,3225551,20846,111-Cty Co Phan Tap Doan KIDO ,Dang kinh doanh,Y
237,3253189,20846,111-Cty Co Phan Tap Doan KIDO ,Dang kinh doanh,Y
256,3441648,20846,111-Cty Co Phan Tap Doan KIDO ,,Y
270,3138983,20846,111-Cty Co Phan Tap Doan KIDO ,Dang kinh doanh,Y
329,3431913,20846,111-Cty Co Phan Tap Doan KIDO ,,Y
330,3431914,20846,111-Cty Co Phan Tap Doan KIDO ,,Y
331,3431961,20846,111-Cty Co Phan Tap Doan KIDO ,Dang kinh doanh,Y
347,3430767,20846,111-Cty Co Phan Tap Doan KIDO ,Dang kinh doanh,Y
348,3430768,20846,111-Cty Co Phan Tap Doan KIDO ,Dang kinh doanh,Y
349,3430769,20846,111-Cty Co Phan Tap Doan KIDO ,Dang kinh doanh,Y
351,3431039,20846,111-Cty Co Phan Tap Doan KIDO ,Dang kinh doanh,Y
352,3431040,20846,111-Cty Co Phan Tap Doan KIDO ,Dang kinh doanh,Y
371,3003245,20846,111-Cty Co Phan Tap Doan KIDO ,Dang kinh doanh,Y
372,3003246,20846,111-Cty Co Phan Tap Doan KIDO ,Dang kinh doanh,Y
373,3003356,20846,111-Cty Co Phan Tap Doan KIDO ,Dang kinh doanh,Y
374,3003358,20846,111-Cty Co Phan Tap Doan KIDO ,Dang kinh doanh,Y
375,3003359,20846,111-Cty Co Phan Tap Doan KIDO ,Dang kinh doanh,Y
376,3003360,20846,111-Cty Co Phan Tap Doan KIDO ,Dang kinh doanh,Y
377,3003368,20846,111-Cty Co Phan Tap Doan KIDO ,Dang kinh doanh,Y
378,3003369,20846,111-Cty Co Phan Tap Doan KIDO ,Dang kinh doanh,Y
379,3003383,20846,111-Cty Co Phan Tap Doan KIDO ,Dang kinh doanh,Y
380,3003388,20846,111-Cty Co Phan Tap Doan KIDO ,Dang kinh doanh,Y
381,3003389,20846,111-Cty Co Phan Tap Doan KIDO ,Dang kinh doanh,Y
382,3003392,20846,111-Cty Co Phan Tap Doan KIDO ,Dang kinh doanh,Y
383,3003424,20846,111-Cty Co Phan Tap Doan KIDO ,Dang kinh doanh,Y
384,3003425,20846,111-Cty Co Phan Tap Doan KIDO ,Dang kinh doanh,Y
412,3500252,20846,111-Cty Co Phan Tap Doan KIDO ,Dang kinh doanh,Y
457,3530120,20846,111-Cty Co Phan Tap Doan KIDO ,Ngung Kinh Doanh,N
458,3530121,20846,111-Cty Co Phan Tap Doan KIDO ,Ngung Kinh Doanh,N
459,3530295,20846,111-Cty Co Phan Tap Doan KIDO ,Ngung Kinh Doanh,N
490,3255354,20846,111-Cty Co Phan Tap Doan KIDO ,Dang kinh doanh,Y
496,3312942,20846,111-Cty Co Phan Tap Doan KIDO ,Dang kinh doanh,Y
504,3446824,20846,111-Cty Co Phan Tap Doan KIDO ,Dang kinh doanh,Y
606,3533269,20846,111-Cty Co Phan Tap Doan KIDO ,Dang kinh doanh,Y
607,3533840,20846,111-Cty Co Phan Tap Doan KIDO ,Dang kinh doanh,Y
639,3437747,20846,111-Cty Co Phan Tap Doan KIDO ,Dang kinh doanh,Y
663,3450830,20846,111-Cty Co Phan Tap Doan KIDO ,Dang kinh doanh,Y
705,3466390,20846,111-Cty Co Phan Tap Doan KIDO ,Dang kinh doanh,Y
759,3298228,20846,111-Cty Co Phan Tap Doan KIDO ,Ngung Kinh Doanh,N
767,3447980,20846,111-Cty Co Phan Tap Doan KIDO ,,Y
396,3334803,20944,111-Cty TNHH Luong Thuc Angimex-NR,Dang kinh doanh,Y
397,3334806,20944,111-Cty TNHH Luong Thuc Angimex-NR,Dang kinh doanh,Y
415,3158922,20944,111-Cty TNHH Luong Thuc Angimex-NR,Dang kinh doanh,Y
536,3278393,20944,111-Cty TNHH Luong Thuc Angimex-NR,Dang kinh doanh,Y
537,3278394,20944,111-Cty TNHH Luong Thuc Angimex-NR,Dang kinh doanh,Y
539,3365055,20944,111-Cty TNHH Luong Thuc Angimex-NR,Dang kinh doanh,Y
402,3480381,21018,100-Congty CP Phuc Long Heritage-NR,Dang kinh doanh,Y
770,3232249,21018,100-Congty CP Phuc Long Heritage-NR,Dang kinh doanh,Y
771,3232250,21018,100-Congty CP Phuc Long Heritage-NR,Dang kinh doanh,Y
