ITEM,VENDOR,DESCR,NOTE,NH
3436535,11773,110-CTy CP SX Nhua Duy Tan,PKD - G?1,4
3507730,20846,111-Cty Co Phan Tap Doan KIDO ,PKD - G?1,2
3507731,20846,111-Cty Co Phan Tap Doan KIDO ,PKD - G?1,2
3507857,11773,110-CTy CP SX Nhua Duy Tan,PKD - G?1,4
3507858,11773,110-CTy CP SX Nhua Duy Tan,PKD - G?1,4
3517119,15506,111-Cty Bot giat LIX-NR,HNR - G?1,3
3517120,15506,111-Cty Bot giat LIX-NR,HNR - G?1,3
3517121,15506,111-Cty Bot giat LIX-NR,HNR - G?1,3
3517501,11773,110-CTy CP SX Nhua Duy Tan,PKD - G?1,4
3517622,11773,110-CTy CP SX Nhua Duy Tan,PKD - G?1,4
3518223,15208,100-CN CT CP GiaDung GOLDSUN(TP.HN),PKD - G?1,4
3554245,11773,110-CTy CP SX Nhua Duy Tan,PKD - G?1,4
3550852,11773,110-CTy CP SX Nhua Duy Tan,PKD - G?1,4
3430008,16964,100-CTy TNHH Tan Hop Thanh,PKD - G?1,4
3430009,16964,100-CTy TNHH Tan Hop Thanh,PKD - G?1,4
3430010,16964,100-CTy TNHH Tan Hop Thanh,PKD - G?1,4
3554248,11773,110-CTy CP SX Nhua Duy Tan,PKD - G?1,4
3543335,15208,100-CN CT CP GiaDung GOLDSUN(TP.HN),PKD - G?1,4
3552977,11773,110-CTy CP SX Nhua Duy Tan,PKD - G?1,4
3348369,16964,100-CTy TNHH Tan Hop Thanh,PKD - G?1,4
3550808,15208,100-CN CT CP GiaDung GOLDSUN(TP.HN),PKD - G?1,4
3547927,11773,110-CTy CP SX Nhua Duy Tan,PKD - G?1,4
3463102,15790,110-CTy CP HMP My Hao,PKD - G?1,3
3541465,15208,100-CN CT CP GiaDung GOLDSUN(TP.HN),PKD - G?1,4
3541466,15208,100-CN CT CP GiaDung GOLDSUN(TP.HN),PKD - G?1,4
3552978,11773,110-CTy CP SX Nhua Duy Tan,PKD - G?1,4
3552976,11773,110-CTy CP SX Nhua Duy Tan,PKD - G?1,4
3541459,15800,110-Cty TNHH 1TV Tri Hoi,PKD - G?1,3
3541460,15800,110-Cty TNHH 1TV Tri Hoi,PKD - G?1,3
3422431,16506,110-CTyTNHHSXTMDVDaiPhuocThanh-NR,HNR - G?1,3
3518675,15208,100-CN CT CP GiaDung GOLDSUN(TP.HN),PKD - G?1,4
3518676,15208,100-CN CT CP GiaDung GOLDSUN(TP.HN),PKD - G?1,4
3554249,11773,110-CTy CP SX Nhua Duy Tan,PKD - G?1,4
3513556,20779,111-CTyTNHH WILMAR MARKETING CLV-HP,PKD - G?1,3
3554247,11773,110-CTy CP SX Nhua Duy Tan,PKD - G?1,4
3536487,15208,100-CN CT CP GiaDung GOLDSUN(TP.HN),PKD - G?1,4
3528752,15208,100-CN CT CP GiaDung GOLDSUN(TP.HN),PKD - G?1,4
3515339,17733,100-CTY TNHH SX& XD TMDVXNK VINA-NR,HNR - G?1,3
3196366,15800,110-Cty TNHH 1TV Tri Hoi,PKD - G?1,3
3196367,15800,110-Cty TNHH 1TV Tri Hoi,PKD - G?1,3
3550848,11773,110-CTy CP SX Nhua Duy Tan,PKD - G?1,4
3550850,11773,110-CTy CP SX Nhua Duy Tan,PKD - G?1,4
3542949,16964,100-CTy TNHH Tan Hop Thanh,PKD - G?1,4
3542950,16964,100-CTy TNHH Tan Hop Thanh,PKD - G?1,4
3519234,11773,110-CTy CP SX Nhua Duy Tan,PKD - G?1,4
3404156,11773,110-CTy CP SX Nhua Duy Tan,PKD - G?1,4
3507586,11773,110-CTy CP SX Nhua Duy Tan,PKD - G?1,4
3554236,15208,100-CN CT CP GiaDung GOLDSUN(TP.HN),PKD - G?1,4
3426542,12995,100-CTy CP CB Go Duc Thanh-NR,HNR - G?1,4
3426543,12995,100-CTy CP CB Go Duc Thanh-NR,HNR - G?1,4
3427995,11119,110-Cty TNHH Lotte Viet Nam,PKD - G?1,2
3427998,11119,110-Cty TNHH Lotte Viet Nam,PKD - G?1,2
3437855,11773,110-CTy CP SX Nhua Duy Tan,PKD - G?1,4
3437856,11773,110-CTy CP SX Nhua Duy Tan,PKD - G?1,4
3438238,11773,110-CTy CP SX Nhua Duy Tan,PKD - G?1,4
3519560,11773,110-CTy CP SX Nhua Duy Tan,PKD - G?1,4
3519561,11773,110-CTy CP SX Nhua Duy Tan,PKD - G?1,4
3520312,20888,100-Cty CP SX TM Nhua Hoang Chau-NR,HNR - G?1,4
3520313,20888,100-Cty CP SX TM Nhua Hoang Chau-NR,HNR - G?1,4
3493826,17639,100-Cty TNHH Eikodo Viet Nam-NR,HNR - G?1,2
3055280,12989,100-CTY TNHH SAMRAN,PKD - G?1,4
3055281,10985,100-Cty TM&PT Cong Nghe Kolend,PKD - G?1,4
3055284,10985,100-Cty TM&PT Cong Nghe Kolend,PKD - G?1,4
3055286,10985,100-Cty TM&PT Cong Nghe Kolend,PKD - G?1,4
3055287,10985,100-Cty TM&PT Cong Nghe Kolend,PKD - G?1,4
3055288,10985,100-Cty TM&PT Cong Nghe Kolend,PKD - G?1,4
3055289,10985,100-Cty TM&PT Cong Nghe Kolend,PKD - G?1,4
3055291,10985,100-Cty TM&PT Cong Nghe Kolend,PKD - G?1,4
3062359,10985,100-Cty TM&PT Cong Nghe Kolend,PKD - G?1,4
3063378,12015,130-CTY TNHH TM&CBTP Tien Du,PKD - G?1,2
3317725,10023,111-Cty Ajinomoto Bien Hoa ,PKD - G?1,2
3318296,16964,100-CTy TNHH Tan Hop Thanh,PKD - G?1,4
3190990,11777,100-CT CP Nhua Rang Dong Long An-NR,HNR - G?1,4
3190991,11777,100-CT CP Nhua Rang Dong Long An-NR,HNR - G?1,4
3416065,10023,111-Cty Ajinomoto Bien Hoa ,PKD - G?1,2
3416066,10023,111-Cty Ajinomoto Bien Hoa ,PKD - G?1,2
3416071,10023,111-Cty Ajinomoto Bien Hoa ,PKD - G?1,2
3416680,20142,111-Cty TNHH Wilmar Mar.CLV-Sua ,PKD - G?1,2
3416681,20142,111-Cty TNHH Wilmar Mar.CLV-Sua ,PKD - G?1,2
3501372,15208,100-CN CT CP GiaDung GOLDSUN(TP.HN),PKD - G?1,4
3501639,20484,100-CTYCP DUOC PHAM&SINH HOC YTE-NR,HNR - G?1,3
3501640,20484,100-CTYCP DUOC PHAM&SINH HOC YTE-NR,HNR - G?1,3
3501641,20484,100-CTYCP DUOC PHAM&SINH HOC YTE-NR,HNR - G?1,3
3509230,11773,110-CTy CP SX Nhua Duy Tan,PKD - G?1,4
3509231,11773,110-CTy CP SX Nhua Duy Tan,PKD - G?1,4
3509233,11773,110-CTy CP SX Nhua Duy Tan,PKD - G?1,4
3509234,11773,110-CTy CP SX Nhua Duy Tan,PKD - G?1,4
3509236,11773,110-CTy CP SX Nhua Duy Tan,PKD - G?1,4
3101964,13979,100-CTy TNHH Thuong Mai L.H,PKD - G?1,4
3101976,13979,100-CTy TNHH Thuong Mai L.H,PKD - G?1,4
3102010,13979,100-CTy TNHH Thuong Mai L.H,PKD - G?1,4
3102394,11119,110-Cty TNHH Lotte Viet Nam,PKD - G?1,2
3102395,11119,110-Cty TNHH Lotte Viet Nam,PKD - G?1,2
3103381,10985,100-Cty TM&PT Cong Nghe Kolend,PKD - G?1,4
3103382,10985,100-Cty TM&PT Cong Nghe Kolend,PKD - G?1,4
3103653,15348,130-CTY CP SX Tra Hung Phat,PKD - G?1,2
3103654,15348,130-CTY CP SX Tra Hung Phat,PKD - G?1,2
3283554,11773,110-CTy CP SX Nhua Duy Tan,PKD - G?1,4
3284188,20846,111-Cty Co Phan Tap Doan KIDO ,PKD - G?1,2
3284196,20846,111-Cty Co Phan Tap Doan KIDO ,PKD - G?1,2
3329700,16506,110-CTyTNHHSXTMDVDaiPhuocThanh-NR,HNR - G?1,3
3368148,11773,110-CTy CP SX Nhua Duy Tan,PKD - G?1,4
3368149,11773,110-CTy CP SX Nhua Duy Tan,PKD - G?1,4
3368150,11773,110-CTy CP SX Nhua Duy Tan,PKD - G?1,4
3368151,11773,110-CTy CP SX Nhua Duy Tan,PKD - G?1,4
3368786,20846,111-Cty Co Phan Tap Doan KIDO ,PKD - G?1,2
3475382,16964,100-CTy TNHH Tan Hop Thanh,PKD - G?1,4
3475383,16964,100-CTy TNHH Tan Hop Thanh,PKD - G?1,4
3475665,16964,100-CTy TNHH Tan Hop Thanh,PKD - G?1,4
3476194,11773,110-CTy CP SX Nhua Duy Tan,PKD - G?1,4
3476195,11773,110-CTy CP SX Nhua Duy Tan,PKD - G?1,4
3476196,11773,110-CTy CP SX Nhua Duy Tan,PKD - G?1,4
3476198,11773,110-CTy CP SX Nhua Duy Tan,PKD - G?1,4
3476199,11773,110-CTy CP SX Nhua Duy Tan,PKD - G?1,4
3476200,11773,110-CTy CP SX Nhua Duy Tan,PKD - G?1,4
3476201,11773,110-CTy CP SX Nhua Duy Tan,PKD - G?1,4
3476202,11773,110-CTy CP SX Nhua Duy Tan,PKD - G?1,4
3538419,15208,100-CN CT CP GiaDung GOLDSUN(TP.HN),PKD - G?1,4
3543870,11773,110-CTy CP SX Nhua Duy Tan,PKD - G?1,4
3544246,11773,110-CTy CP SX Nhua Duy Tan,PKD - G?1,4
3218628,11773,110-CTy CP SX Nhua Duy Tan,PKD - G?1,4
3517621,11773,110-CTy CP SX Nhua Duy Tan,PKD - G?1,4
3541545,11773,110-CTy CP SX Nhua Duy Tan,PKD - G?1,4
3557777,15208,100-CN CT CP GiaDung GOLDSUN(TP.HN),PKD - G?1,4
3557783,11773,110-CTy CP SX Nhua Duy Tan,PKD - G?1,4
3545292,16760,110-Cua Hang Hue Lam,PKD - G?1,3
3557782,11773,110-CTy CP SX Nhua Duy Tan,PKD - G?1,4
3554246,11773,110-CTy CP SX Nhua Duy Tan,PKD - G?1,4
3534601,15208,100-CN CT CP GiaDung GOLDSUN(TP.HN),PKD - G?1,4
3348367,16964,100-CTy TNHH Tan Hop Thanh,PKD - G?1,4
3348368,16964,100-CTy TNHH Tan Hop Thanh,PKD - G?1,4
3348492,11119,110-Cty TNHH Lotte Viet Nam,PKD - G?1,2
3448562,11773,110-CTy CP SX Nhua Duy Tan,PKD - G?1,4
3448564,11773,110-CTy CP SX Nhua Duy Tan,PKD - G?1,4
3419927,11773,110-CTy CP SX Nhua Duy Tan,PKD - G?1,4
3496755,20846,111-Cty Co Phan Tap Doan KIDO ,PKD - G?1,2
3496756,20846,111-Cty Co Phan Tap Doan KIDO ,PKD - G?1,2
3132145,15790,110-CTy CP HMP My Hao,PKD - G?1,3
3132228,15790,110-CTy CP HMP My Hao,PKD - G?1,3
3173260,11841,130-Cty TNHH Saigon Ve Wong,PKD - G?1,2
3385771,11773,110-CTy CP SX Nhua Duy Tan,PKD - G?1,4
3386499,15506,111-Cty Bot giat LIX-NR,HNR - G?1,3
3386500,15506,111-Cty Bot giat LIX-NR,HNR - G?1,3
3386501,15506,111-Cty Bot giat LIX-NR,HNR - G?1,3
3386502,15506,111-Cty Bot giat LIX-NR,HNR - G?1,3
3386503,15506,111-Cty Bot giat LIX-NR,HNR - G?1,3
3386504,15506,111-Cty Bot giat LIX-NR,HNR - G?1,3
3386505,15506,111-Cty Bot giat LIX-NR,HNR - G?1,3
3386506,15506,111-Cty Bot giat LIX-NR,HNR - G?1,3
3386507,15506,111-Cty Bot giat LIX-NR,HNR - G?1,3
3386508,15506,111-Cty Bot giat LIX-NR,HNR - G?1,3
3386509,15506,111-Cty Bot giat LIX-NR,HNR - G?1,3
3491227,15506,111-Cty Bot giat LIX-NR,HNR - G?1,3
3491953,15800,110-Cty TNHH 1TV Tri Hoi,PKD - G?1,3
3008485,12483,110-Cty TNHH SXTM TyTy(HMP),PKD - G?1,3
3430007,16964,100-CTy TNHH Tan Hop Thanh,PKD - G?1,4
3520753,11773,110-CTy CP SX Nhua Duy Tan,PKD - G?1,4
3005069,11266,110-Cty CP Tap Doan Muoi Mien Nam,PKD - G?1,2
3005070,11266,110-Cty CP Tap Doan Muoi Mien Nam,PKD - G?1,2
3005073,10023,111-Cty Ajinomoto Bien Hoa ,PKD - G?1,2
3005075,10023,111-Cty Ajinomoto Bien Hoa ,PKD - G?1,2
3005077,10023,111-Cty Ajinomoto Bien Hoa ,PKD - G?1,2
3225551,20846,111-Cty Co Phan Tap Doan KIDO ,PKD - G?1,2
3295021,11773,110-CTy CP SX Nhua Duy Tan,PKD - G?1,4
3295023,11773,110-CTy CP SX Nhua Duy Tan,PKD - G?1,4
3295195,19028,110-Cty CP Vinamit-NR,HNR - G?1,2
3295196,19028,110-Cty CP Vinamit-NR,HNR - G?1,2
3295197,19028,110-Cty CP Vinamit-NR,HNR - G?1,2
3295198,19028,110-Cty CP Vinamit-NR,HNR - G?1,2
3295199,19028,110-Cty CP Vinamit-NR,HNR - G?1,2
3295200,19028,110-Cty CP Vinamit-NR,HNR - G?1,2
3295355,10023,111-Cty Ajinomoto Bien Hoa ,PKD - G?1,2
3295614,15506,111-Cty Bot giat LIX-NR,HNR - G?1,3
3341297,19939,100-Cty TNHH Muoi Thanh Phat-NR,HNR - G?1,2
3341298,19939,100-Cty TNHH Muoi Thanh Phat-NR,HNR - G?1,2
3453969,11119,110-Cty TNHH Lotte Viet Nam,PKD - G?1,2
3412002,11773,110-CTy CP SX Nhua Duy Tan,PKD - G?1,4
3497612,16964,100-CTy TNHH Tan Hop Thanh,PKD - G?1,4
3497823,15506,111-Cty Bot giat LIX-NR,HNR - G?1,3
3505767,19219,130-Cty TNHH Nabati Viet Nam,PKD - G?1,2
3403438,11773,110-CTy CP SX Nhua Duy Tan,PKD - G?1,4
3533694,15208,100-CN CT CP GiaDung GOLDSUN(TP.HN),PKD - G?1,4
3533695,15208,100-CN CT CP GiaDung GOLDSUN(TP.HN),PKD - G?1,4
3372479,16506,110-CTyTNHHSXTMDVDaiPhuocThanh-NR,HNR - G?1,3
3459960,11773,110-CTy CP SX Nhua Duy Tan,PKD - G?1,4
3556029,11773,110-CTy CP SX Nhua Duy Tan,PKD - G?1,4
3490336,11773,110-CTy CP SX Nhua Duy Tan,PKD - G?1,4
3050100,14337,130-Cty TNHH VINH TIEN,PKD - G?1,2
3054454,11266,110-Cty CP Tap Doan Muoi Mien Nam,PKD - G?1,2
3054513,14337,130-Cty TNHH VINH TIEN,PKD - G?1,2
3054515,14337,130-Cty TNHH VINH TIEN,PKD - G?1,2
3054516,14337,130-Cty TNHH VINH TIEN,PKD - G?1,2
3054518,14337,130-Cty TNHH VINH TIEN,PKD - G?1,2
3054519,14337,130-Cty TNHH VINH TIEN,PKD - G?1,2
3054520,14337,130-Cty TNHH VINH TIEN,PKD - G?1,2
3054535,15348,130-CTY CP SX Tra Hung Phat,PKD - G?1,2
3054635,15790,110-CTy CP HMP My Hao,PKD - G?1,3
3054651,12483,110-Cty TNHH SXTM TyTy(HMP),PKD - G?1,3
3055152,11773,110-CTy CP SX Nhua Duy Tan,PKD - G?1,4
3055153,11773,110-CTy CP SX Nhua Duy Tan,PKD - G?1,4
3055154,11773,110-CTy CP SX Nhua Duy Tan,PKD - G?1,4
3055204,11773,110-CTy CP SX Nhua Duy Tan,PKD - G?1,4
3257943,16760,110-Cua Hang Hue Lam,PKD - G?1,3
3257947,16760,110-Cua Hang Hue Lam,PKD - G?1,3
3257948,16760,110-Cua Hang Hue Lam,PKD - G?1,3
3258064,10023,111-Cty Ajinomoto Bien Hoa ,PKD - G?1,2
3260451,11773,110-CTy CP SX Nhua Duy Tan,PKD - G?1,4
3260454,11773,110-CTy CP SX Nhua Duy Tan,PKD - G?1,4
3314153,15506,111-Cty Bot giat LIX-NR,HNR - G?1,3
3314154,15506,111-Cty Bot giat LIX-NR,HNR - G?1,3
3314547,11773,110-CTy CP SX Nhua Duy Tan,PKD - G?1,4
3357483,16964,100-CTy TNHH Tan Hop Thanh,PKD - G?1,4
3097779,15348,130-CTY CP SX Tra Hung Phat,PKD - G?1,2
3327143,16964,100-CTy TNHH Tan Hop Thanh,PKD - G?1,4
3327144,16964,100-CTy TNHH Tan Hop Thanh,PKD - G?1,4
3123559,12483,110-Cty TNHH SXTM TyTy(HMP),PKD - G?1,3
3382940,11773,110-CTy CP SX Nhua Duy Tan,PKD - G?1,4
3382941,11773,110-CTy CP SX Nhua Duy Tan,PKD - G?1,4
3383606,13468,100-CTY TNHH SAMRAN-NR,HNR - G?1,4
3383607,13468,100-CTY TNHH SAMRAN-NR,HNR - G?1,4
3383608,13468,100-CTY TNHH SAMRAN-NR,HNR - G?1,4
3383609,13468,100-CTY TNHH SAMRAN-NR,HNR - G?1,4
3397927,11011,100-CT TNHH SX Do Gia DungElmich-NR,HNR - G?1,4
3488561,17259,100-Cty TNHH Le Trung Thien-NR,HNR - G?1,2
3488562,17259,100-Cty TNHH Le Trung Thien-NR,HNR - G?1,2
3488563,17259,100-Cty TNHH Le Trung Thien-NR,HNR - G?1,2
3489126,10023,111-Cty Ajinomoto Bien Hoa ,PKD - G?1,2
3489128,11119,110-Cty TNHH Lotte Viet Nam,PKD - G?1,2
3012794,12989,100-CTY TNHH SAMRAN,PKD - G?1,4
3031987,11773,110-CTy CP SX Nhua Duy Tan,PKD - G?1,4
3031988,11773,110-CTy CP SX Nhua Duy Tan,PKD - G?1,4
3031989,11773,110-CTy CP SX Nhua Duy Tan,PKD - G?1,4
3032106,11773,110-CTy CP SX Nhua Duy Tan,PKD - G?1,4
3250058,15506,111-Cty Bot giat LIX-NR,HNR - G?1,3
3250059,15506,111-Cty Bot giat LIX-NR,HNR - G?1,3
3253175,12989,100-CTY TNHH SAMRAN,PKD - G?1,4
3253189,20846,111-Cty Co Phan Tap Doan KIDO ,PKD - G?1,2
3284516,15506,111-Cty Bot giat LIX-NR,HNR - G?1,3
3284683,19219,130-Cty TNHH Nabati Viet Nam,PKD - G?1,2
3285331,15800,110-Cty TNHH 1TV Tri Hoi,PKD - G?1,3
3457912,11773,110-CTy CP SX Nhua Duy Tan,PKD - G?1,4
3457913,11773,110-CTy CP SX Nhua Duy Tan,PKD - G?1,4
3457914,11773,110-CTy CP SX Nhua Duy Tan,PKD - G?1,4
3457915,11773,110-CTy CP SX Nhua Duy Tan,PKD - G?1,4
3008472,14653,110-DNTN Dai Phat,PKD - G?1,3
3008478,12483,110-Cty TNHH SXTM TyTy(HMP),PKD - G?1,3
3008479,12483,110-Cty TNHH SXTM TyTy(HMP),PKD - G?1,3
3008481,12483,110-Cty TNHH SXTM TyTy(HMP),PKD - G?1,3
3008482,12483,110-Cty TNHH SXTM TyTy(HMP),PKD - G?1,3
3008486,12483,110-Cty TNHH SXTM TyTy(HMP),PKD - G?1,3
3008490,12483,110-Cty TNHH SXTM TyTy(HMP),PKD - G?1,3
3279756,11773,110-CTy CP SX Nhua Duy Tan,PKD - G?1,4
3279757,11773,110-CTy CP SX Nhua Duy Tan,PKD - G?1,4
3325237,11773,110-CTy CP SX Nhua Duy Tan,PKD - G?1,4
3325998,15348,130-CTY CP SX Tra Hung Phat,PKD - G?1,2
3441648,20846,111-Cty Co Phan Tap Doan KIDO ,PKD - G?1,2
3442428,12320,111-Cty TNHH MTV TNI,PKD - G?1,2
3442429,12320,111-Cty TNHH MTV TNI,PKD - G?1,2
3442481,12320,111-Cty TNHH MTV TNI,PKD - G?1,2
3442900,19939,100-Cty TNHH Muoi Thanh Phat-NR,HNR - G?1,2
3444318,11773,110-CTy CP SX Nhua Duy Tan,PKD - G?1,4
3444794,11011,100-CT TNHH SX Do Gia DungElmich-NR,HNR - G?1,4
3444795,15512,100-Cty CP Uniben-NR,HNR - G?1,2
3444798,12532,100-Cty CP CNTP Luong Gia-NR,HNR - G?1,2
3444807,12532,100-Cty CP CNTP Luong Gia-NR,HNR - G?1,2
3350607,16964,100-CTy TNHH Tan Hop Thanh,PKD - G?1,4
3350608,16964,100-CTy TNHH Tan Hop Thanh,PKD - G?1,4
3449108,16506,110-CTyTNHHSXTMDVDaiPhuocThanh-NR,HNR - G?1,3
3449943,16964,100-CTy TNHH Tan Hop Thanh,PKD - G?1,4
3138983,20846,111-Cty Co Phan Tap Doan KIDO ,PKD - G?1,2
3140316,14530,110-Co so Nguyen Van Sau,PKD - G?1,3
3143098,11119,110-Cty TNHH Lotte Viet Nam,PKD - G?1,2
3181800,13979,100-CTy TNHH Thuong Mai L.H,PKD - G?1,4
3389078,11773,110-CTy CP SX Nhua Duy Tan,PKD - G?1,4
3493317,11773,110-CTy CP SX Nhua Duy Tan,PKD - G?1,4
3493318,11773,110-CTy CP SX Nhua Duy Tan,PKD - G?1,4
3493351,12320,111-Cty TNHH MTV TNI,PKD - G?1,2
3493352,12320,111-Cty TNHH MTV TNI,PKD - G?1,2
3493423,15208,100-CN CT CP GiaDung GOLDSUN(TP.HN),PKD - G?1,4
3493424,15208,100-CN CT CP GiaDung GOLDSUN(TP.HN),PKD - G?1,4
3390753,11773,110-CTy CP SX Nhua Duy Tan,PKD - G?1,4
3390754,11773,110-CTy CP SX Nhua Duy Tan,PKD - G?1,4
3390755,11773,110-CTy CP SX Nhua Duy Tan,PKD - G?1,4
3390935,19028,110-Cty CP Vinamit-NR,HNR - G?1,2
3390942,15790,110-CTy CP HMP My Hao,PKD - G?1,3
3390945,15790,110-CTy CP HMP My Hao,PKD - G?1,3
3481810,12320,111-Cty TNHH MTV TNI,PKD - G?1,2
3493891,16506,110-CTyTNHHSXTMDVDaiPhuocThanh-NR,HNR - G?1,3
3493892,16506,110-CTyTNHHSXTMDVDaiPhuocThanh-NR,HNR - G?1,3
3494100,13468,100-CTY TNHH SAMRAN-NR,HNR - G?1,4
3494101,13468,100-CTY TNHH SAMRAN-NR,HNR - G?1,4
3494102,13468,100-CTY TNHH SAMRAN-NR,HNR - G?1,4
3494103,13468,100-CTY TNHH SAMRAN-NR,HNR - G?1,4
3525066,21076,110-Cong Ty TNHH SALACOS -NR,HNR - G?1,3
3422584,11773,110-CTy CP SX Nhua Duy Tan,PKD - G?1,4
3392947,11773,110-CTy CP SX Nhua Duy Tan,PKD - G?1,4
3538906,15208,100-CN CT CP GiaDung GOLDSUN(TP.HN),PKD - G?1,4
3538907,15208,100-CN CT CP GiaDung GOLDSUN(TP.HN),PKD - G?1,4
3282741,16760,110-Cua Hang Hue Lam,PKD - G?1,3
3449947,16964,100-CTy TNHH Tan Hop Thanh,PKD - G?1,4
3555039,11773,110-CTy CP SX Nhua Duy Tan,PKD - G?1,4
3535758,21076,110-Cong Ty TNHH SALACOS -NR,HNR - G?1,3
3134265,11773,110-CTy CP SX Nhua Duy Tan,PKD - G?1,4
3137587,15790,110-CTy CP HMP My Hao,PKD - G?1,3
3137588,15790,110-CTy CP HMP My Hao,PKD - G?1,3
3137589,15790,110-CTy CP HMP My Hao,PKD - G?1,3
3387567,16964,100-CTy TNHH Tan Hop Thanh,PKD - G?1,4
3387568,16964,100-CTy TNHH Tan Hop Thanh,PKD - G?1,4
3387569,16964,100-CTy TNHH Tan Hop Thanh,PKD - G?1,4
3387857,19028,110-Cty CP Vinamit-NR,HNR - G?1,2
3387928,12547,131-Cty CP Uniben,PKD - G?1,2
3479552,11773,110-CTy CP SX Nhua Duy Tan,PKD - G?1,4
3479885,19219,130-Cty TNHH Nabati Viet Nam,PKD - G?1,2
3492416,11119,110-Cty TNHH Lotte Viet Nam,PKD - G?1,2
3434401,11773,110-CTy CP SX Nhua Duy Tan,PKD - G?1,4
3434402,11773,110-CTy CP SX Nhua Duy Tan,PKD - G?1,4
3434403,11773,110-CTy CP SX Nhua Duy Tan,PKD - G?1,4
3434405,11773,110-CTy CP SX Nhua Duy Tan,PKD - G?1,4
3506580,15208,100-CN CT CP GiaDung GOLDSUN(TP.HN),PKD - G?1,4
3515340,17733,100-CTY TNHH SX& XD TMDVXNK VINA-NR,HNR - G?1,3
3515341,17733,100-CTY TNHH SX& XD TMDVXNK VINA-NR,HNR - G?1,3
3515342,17733,100-CTY TNHH SX& XD TMDVXNK VINA-NR,HNR - G?1,3
3515343,17733,100-CTY TNHH SX& XD TMDVXNK VINA-NR,HNR - G?1,3
3515394,20812,100-Cty CP TP ThNhien King Green-NR,HNR - G?1,2
3515395,20812,100-Cty CP TP ThNhien King Green-NR,HNR - G?1,2
3515856,11773,110-CTy CP SX Nhua Duy Tan,PKD - G?1,4
3531392,15208,100-CN CT CP GiaDung GOLDSUN(TP.HN),PKD - G?1,4
3419926,11773,110-CTy CP SX Nhua Duy Tan,PKD - G?1,4
3431913,20846,111-Cty Co Phan Tap Doan KIDO ,PKD - G?1,2
3431914,20846,111-Cty Co Phan Tap Doan KIDO ,PKD - G?1,2
3431961,20846,111-Cty Co Phan Tap Doan KIDO ,PKD - G?1,2
3432384,12547,131-Cty CP Uniben,PKD - G?1,2
3432386,12547,131-Cty CP Uniben,PKD - G?1,2
3513552,20779,111-CTyTNHH WILMAR MARKETING CLV-HP,PKD - G?1,3
3513553,20779,111-CTyTNHH WILMAR MARKETING CLV-HP,PKD - G?1,3
3513554,20779,111-CTyTNHH WILMAR MARKETING CLV-HP,PKD - G?1,3
3513555,20779,111-CTyTNHH WILMAR MARKETING CLV-HP,PKD - G?1,3
3523140,15208,100-CN CT CP GiaDung GOLDSUN(TP.HN),PKD - G?1,4
3523141,15208,100-CN CT CP GiaDung GOLDSUN(TP.HN),PKD - G?1,4
3523181,11773,110-CTy CP SX Nhua Duy Tan,PKD - G?1,4
3523363,11773,110-CTy CP SX Nhua Duy Tan,PKD - G?1,4
3523364,11773,110-CTy CP SX Nhua Duy Tan,PKD - G?1,4
3523365,11773,110-CTy CP SX Nhua Duy Tan,PKD - G?1,4
3430483,11777,100-CT CP Nhua Rang Dong Long An-NR,HNR - G?1,4
3430484,11777,100-CT CP Nhua Rang Dong Long An-NR,HNR - G?1,4
3430485,11777,100-CT CP Nhua Rang Dong Long An-NR,HNR - G?1,4
3430767,20846,111-Cty Co Phan Tap Doan KIDO ,PKD - G?1,2
3430768,20846,111-Cty Co Phan Tap Doan KIDO ,PKD - G?1,2
3430769,20846,111-Cty Co Phan Tap Doan KIDO ,PKD - G?1,2
3430952,20142,111-Cty TNHH Wilmar Mar.CLV-Sua ,PKD - G?1,2
3431039,20846,111-Cty Co Phan Tap Doan KIDO ,PKD - G?1,2
3431040,20846,111-Cty Co Phan Tap Doan KIDO ,PKD - G?1,2
3440244,12320,111-Cty TNHH MTV TNI,PKD - G?1,2
3440249,12320,111-Cty TNHH MTV TNI,PKD - G?1,2
3440252,12320,111-Cty TNHH MTV TNI,PKD - G?1,2
3440906,16964,100-CTy TNHH Tan Hop Thanh,PKD - G?1,4
3440951,17259,100-Cty TNHH Le Trung Thien-NR,HNR - G?1,2
3440952,17259,100-Cty TNHH Le Trung Thien-NR,HNR - G?1,2
3440953,17259,100-Cty TNHH Le Trung Thien-NR,HNR - G?1,2
3440955,17259,100-Cty TNHH Le Trung Thien-NR,HNR - G?1,2
3512339,11119,110-Cty TNHH Lotte Viet Nam,PKD - G?1,2
3521071,11773,110-CTy CP SX Nhua Duy Tan,PKD - G?1,4
3521072,11773,110-CTy CP SX Nhua Duy Tan,PKD - G?1,4
3521073,11773,110-CTy CP SX Nhua Duy Tan,PKD - G?1,4
3521074,11773,110-CTy CP SX Nhua Duy Tan,PKD - G?1,4
3521129,20484,100-CTYCP DUOC PHAM&SINH HOC YTE-NR,HNR - G?1,3
3521130,20484,100-CTYCP DUOC PHAM&SINH HOC YTE-NR,HNR - G?1,3
3521131,17733,100-CTY TNHH SX& XD TMDVXNK VINA-NR,HNR - G?1,3
3521651,11119,110-Cty TNHH Lotte Viet Nam,PKD - G?1,2
3521652,11119,110-Cty TNHH Lotte Viet Nam,PKD - G?1,2
3003245,20846,111-Cty Co Phan Tap Doan KIDO ,PKD - G?1,2
3003246,20846,111-Cty Co Phan Tap Doan KIDO ,PKD - G?1,2
3003356,20846,111-Cty Co Phan Tap Doan KIDO ,PKD - G?1,2
3003358,20846,111-Cty Co Phan Tap Doan KIDO ,PKD - G?1,2
3003359,20846,111-Cty Co Phan Tap Doan KIDO ,PKD - G?1,2
3003360,20846,111-Cty Co Phan Tap Doan KIDO ,PKD - G?1,2
3003368,20846,111-Cty Co Phan Tap Doan KIDO ,PKD - G?1,2
3003369,20846,111-Cty Co Phan Tap Doan KIDO ,PKD - G?1,2
3003383,20846,111-Cty Co Phan Tap Doan KIDO ,PKD - G?1,2
3003388,20846,111-Cty Co Phan Tap Doan KIDO ,PKD - G?1,2
3003389,20846,111-Cty Co Phan Tap Doan KIDO ,PKD - G?1,2
3003392,20846,111-Cty Co Phan Tap Doan KIDO ,PKD - G?1,2
3003424,20846,111-Cty Co Phan Tap Doan KIDO ,PKD - G?1,2
3003425,20846,111-Cty Co Phan Tap Doan KIDO ,PKD - G?1,2
3314078,16760,110-Cua Hang Hue Lam,PKD - G?1,3
3314147,15506,111-Cty Bot giat LIX-NR,HNR - G?1,3
3452209,15506,111-Cty Bot giat LIX-NR,HNR - G?1,3
3452211,17559,110-CONG TY TNHH NTPM(VIET NAM)-NR,HNR - G?1,3
3452217,17559,110-CONG TY TNHH NTPM(VIET NAM)-NR,HNR - G?1,3
3452218,17559,110-CONG TY TNHH NTPM(VIET NAM)-NR,HNR - G?1,3
3452220,17559,110-CONG TY TNHH NTPM(VIET NAM)-NR,HNR - G?1,3
3452222,17559,110-CONG TY TNHH NTPM(VIET NAM)-NR,HNR - G?1,3
3452223,17559,110-CONG TY TNHH NTPM(VIET NAM)-NR,HNR - G?1,3
3110011,11119,110-Cty TNHH Lotte Viet Nam,PKD - G?1,2
3110012,11119,110-Cty TNHH Lotte Viet Nam,PKD - G?1,2
3334803,20944,111-Cty TNHH Luong Thuc Angimex-NR,HNR - G?1,2
3334806,20944,111-Cty TNHH Luong Thuc Angimex-NR,HNR - G?1,2
3374925,16964,100-CTy TNHH Tan Hop Thanh,PKD - G?1,4
3374926,16964,100-CTy TNHH Tan Hop Thanh,PKD - G?1,4
3374927,16964,100-CTy TNHH Tan Hop Thanh,PKD - G?1,4
3460189,11119,110-Cty TNHH Lotte Viet Nam,PKD - G?1,2
3480381,21018,100-Congty CP Phuc Long Heritage-NR,HNR - G?1,2
3480412,11773,110-CTy CP SX Nhua Duy Tan,PKD - G?1,4
3480413,11773,110-CTy CP SX Nhua Duy Tan,PKD - G?1,4
3480422,11773,110-CTy CP SX Nhua Duy Tan,PKD - G?1,4
3184818,15506,111-Cty Bot giat LIX-NR,HNR - G?1,3
3184823,15506,111-Cty Bot giat LIX-NR,HNR - G?1,3
3184824,15506,111-Cty Bot giat LIX-NR,HNR - G?1,3
3403272,11773,110-CTy CP SX Nhua Duy Tan,PKD - G?1,4
3404154,11773,110-CTy CP SX Nhua Duy Tan,PKD - G?1,4
3414888,11773,110-CTy CP SX Nhua Duy Tan,PKD - G?1,4
3500252,20846,111-Cty Co Phan Tap Doan KIDO ,PKD - G?1,2
3500596,17559,110-CONG TY TNHH NTPM(VIET NAM)-NR,HNR - G?1,3
3508978,11773,110-CTy CP SX Nhua Duy Tan,PKD - G?1,4
3158922,20944,111-Cty TNHH Luong Thuc Angimex-NR,HNR - G?1,2
3160021,15506,111-Cty Bot giat LIX-NR,HNR - G?1,3
3160022,15506,111-Cty Bot giat LIX-NR,HNR - G?1,3
3160023,15506,111-Cty Bot giat LIX-NR,HNR - G?1,3
3160024,15506,111-Cty Bot giat LIX-NR,HNR - G?1,3
3382457,12989,100-CTY TNHH SAMRAN,PKD - G?1,4
3487359,11773,110-CTy CP SX Nhua Duy Tan,PKD - G?1,4
3487361,11773,110-CTy CP SX Nhua Duy Tan,PKD - G?1,4
3487363,11773,110-CTy CP SX Nhua Duy Tan,PKD - G?1,4
3487364,11773,110-CTy CP SX Nhua Duy Tan,PKD - G?1,4
3487366,12989,100-CTY TNHH SAMRAN,PKD - G?1,4
3487674,11773,110-CTy CP SX Nhua Duy Tan,PKD - G?1,4
3496126,15208,100-CN CT CP GiaDung GOLDSUN(TP.HN),PKD - G?1,4
3496127,15208,100-CN CT CP GiaDung GOLDSUN(TP.HN),PKD - G?1,4
3004519,12015,130-CTY TNHH TM&CBTP Tien Du,PKD - G?1,2
3004551,12015,130-CTY TNHH TM&CBTP Tien Du,PKD - G?1,2
3223203,12989,100-CTY TNHH SAMRAN,PKD - G?1,4
3224617,11119,110-Cty TNHH Lotte Viet Nam,PKD - G?1,2
3495074,19219,130-Cty TNHH Nabati Viet Nam,PKD - G?1,2
3288046,15800,110-Cty TNHH 1TV Tri Hoi,PKD - G?1,3
3288346,11773,110-CTy CP SX Nhua Duy Tan,PKD - G?1,4
3333828,15506,111-Cty Bot giat LIX-NR,HNR - G?1,3
3333830,15506,111-Cty Bot giat LIX-NR,HNR - G?1,3
3333833,15506,111-Cty Bot giat LIX-NR,HNR - G?1,3
3333834,15506,111-Cty Bot giat LIX-NR,HNR - G?1,3
3333835,15506,111-Cty Bot giat LIX-NR,HNR - G?1,3
3372212,15506,111-Cty Bot giat LIX-NR,HNR - G?1,3
3372213,15506,111-Cty Bot giat LIX-NR,HNR - G?1,3
3372214,15506,111-Cty Bot giat LIX-NR,HNR - G?1,3
3372352,16964,100-CTy TNHH Tan Hop Thanh,PKD - G?1,4
3372481,16506,110-CTyTNHHSXTMDVDaiPhuocThanh-NR,HNR - G?1,3
3373113,19219,130-Cty TNHH Nabati Viet Nam,PKD - G?1,2
3459152,11773,110-CTy CP SX Nhua Duy Tan,PKD - G?1,4
3528748,15208,100-CN CT CP GiaDung GOLDSUN(TP.HN),PKD - G?1,4
3528749,15208,100-CN CT CP GiaDung GOLDSUN(TP.HN),PKD - G?1,4
3528750,15208,100-CN CT CP GiaDung GOLDSUN(TP.HN),PKD - G?1,4
3529243,19219,130-Cty TNHH Nabati Viet Nam,PKD - G?1,2
3529244,19219,130-Cty TNHH Nabati Viet Nam,PKD - G?1,2
3529245,19219,130-Cty TNHH Nabati Viet Nam,PKD - G?1,2
3529246,19219,130-Cty TNHH Nabati Viet Nam,PKD - G?1,2
3529247,19219,130-Cty TNHH Nabati Viet Nam,PKD - G?1,2
3529248,19219,130-Cty TNHH Nabati Viet Nam,PKD - G?1,2
3530120,20846,111-Cty Co Phan Tap Doan KIDO ,PKD - G?1,2
3530121,20846,111-Cty Co Phan Tap Doan KIDO ,PKD - G?1,2
3530295,20846,111-Cty Co Phan Tap Doan KIDO ,PKD - G?1,2
3530491,19219,130-Cty TNHH Nabati Viet Nam,PKD - G?1,2
3530731,21076,110-Cong Ty TNHH SALACOS -NR,HNR - G?1,3
3530732,21076,110-Cong Ty TNHH SALACOS -NR,HNR - G?1,3
3530733,21076,110-Cong Ty TNHH SALACOS -NR,HNR - G?1,3
3530734,21076,110-Cong Ty TNHH SALACOS -NR,HNR - G?1,3
3530862,20812,100-Cty CP TP ThNhien King Green-NR,HNR - G?1,2
3433445,20142,111-Cty TNHH Wilmar Mar.CLV-Sua ,PKD - G?1,2
3433469,16964,100-CTy TNHH Tan Hop Thanh,PKD - G?1,4
3513945,11773,110-CTy CP SX Nhua Duy Tan,PKD - G?1,4
3513947,11773,110-CTy CP SX Nhua Duy Tan,PKD - G?1,4
3513972,11773,110-CTy CP SX Nhua Duy Tan,PKD - G?1,4
3523764,17559,110-CONG TY TNHH NTPM(VIET NAM)-NR,HNR - G?1,3
3523765,17559,110-CONG TY TNHH NTPM(VIET NAM)-NR,HNR - G?1,3
3523766,17559,110-CONG TY TNHH NTPM(VIET NAM)-NR,HNR - G?1,3
3524070,20734,100-Cty CP Dau Tu Hai Thien Minh-NR,HNR - G?1,2
3524071,20734,100-Cty CP Dau Tu Hai Thien Minh-NR,HNR - G?1,2
3524072,20734,100-Cty CP Dau Tu Hai Thien Minh-NR,HNR - G?1,2
3524202,11119,110-Cty TNHH Lotte Viet Nam,PKD - G?1,2
3524289,10023,111-Cty Ajinomoto Bien Hoa ,PKD - G?1,2
3524413,11773,110-CTy CP SX Nhua Duy Tan,PKD - G?1,4
3524414,11773,110-CTy CP SX Nhua Duy Tan,PKD - G?1,4
3524415,11773,110-CTy CP SX Nhua Duy Tan,PKD - G?1,4
3524416,11773,110-CTy CP SX Nhua Duy Tan,PKD - G?1,4
3524461,20536,100-CTYTNHH THIET BI YTE HA TRAN-NR,HNR - G?1,3
3524462,20536,100-CTYTNHH THIET BI YTE HA TRAN-NR,HNR - G?1,3
3040978,11841,130-Cty TNHH Saigon Ve Wong,PKD - G?1,2
3040979,11841,130-Cty TNHH Saigon Ve Wong,PKD - G?1,2
3040982,11841,130-Cty TNHH Saigon Ve Wong,PKD - G?1,2
3040983,11841,130-Cty TNHH Saigon Ve Wong,PKD - G?1,2
3040988,11841,130-Cty TNHH Saigon Ve Wong,PKD - G?1,2
3255354,20846,111-Cty Co Phan Tap Doan KIDO ,PKD - G?1,2
3311633,10985,100-Cty TM&PT Cong Nghe Kolend,PKD - G?1,4
3311748,16964,100-CTy TNHH Tan Hop Thanh,PKD - G?1,4
3312777,11773,110-CTy CP SX Nhua Duy Tan,PKD - G?1,4
3312779,11773,110-CTy CP SX Nhua Duy Tan,PKD - G?1,4
3312780,11773,110-CTy CP SX Nhua Duy Tan,PKD - G?1,4
3312942,20846,111-Cty Co Phan Tap Doan KIDO ,PKD - G?1,2
3356098,15506,111-Cty Bot giat LIX-NR,HNR - G?1,3
3356101,15506,111-Cty Bot giat LIX-NR,HNR - G?1,3
3356234,10023,111-Cty Ajinomoto Bien Hoa ,PKD - G?1,2
3458930,11773,110-CTy CP SX Nhua Duy Tan,PKD - G?1,4
3459106,19939,100-Cty TNHH Muoi Thanh Phat-NR,HNR - G?1,2
3446423,11773,110-CTy CP SX Nhua Duy Tan,PKD - G?1,4
3446427,11773,110-CTy CP SX Nhua Duy Tan,PKD - G?1,4
3446824,20846,111-Cty Co Phan Tap Doan KIDO ,PKD - G?1,2
3081035,11773,110-CTy CP SX Nhua Duy Tan,PKD - G?1,4
3468909,12320,111-Cty TNHH MTV TNI,PKD - G?1,2
3556424,11773,110-CTy CP SX Nhua Duy Tan,PKD - G?1,4
3535085,15208,100-CN CT CP GiaDung GOLDSUN(TP.HN),PKD - G?1,4
3556030,11773,110-CTy CP SX Nhua Duy Tan,PKD - G?1,4
3150386,11119,110-Cty TNHH Lotte Viet Nam,PKD - G?1,2
3192268,16760,110-Cua Hang Hue Lam,PKD - G?1,3
3192836,10023,111-Cty Ajinomoto Bien Hoa ,PKD - G?1,2
3392119,11011,100-CT TNHH SX Do Gia DungElmich-NR,HNR - G?1,4
3392121,11011,100-CT TNHH SX Do Gia DungElmich-NR,HNR - G?1,4
3392948,11773,110-CTy CP SX Nhua Duy Tan,PKD - G?1,4
3392949,11773,110-CTy CP SX Nhua Duy Tan,PKD - G?1,4
3392951,11773,110-CTy CP SX Nhua Duy Tan,PKD - G?1,4
3494751,12547,131-Cty CP Uniben,PKD - G?1,2
3286741,10023,111-Cty Ajinomoto Bien Hoa ,PKD - G?1,2
3371132,10985,100-Cty TM&PT Cong Nghe Kolend,PKD - G?1,4
3477798,18833,100-Cong ty CP TD Kim Duc -NR,HNR - G?1,4
3477799,18833,100-Cong ty CP TD Kim Duc -NR,HNR - G?1,4
3477800,18833,100-Cong ty CP TD Kim Duc -NR,HNR - G?1,4
3084503,15348,130-CTY CP SX Tra Hung Phat,PKD - G?1,2
3084504,15348,130-CTY CP SX Tra Hung Phat,PKD - G?1,2
3365210,11119,110-Cty TNHH Lotte Viet Nam,PKD - G?1,2
3365211,11119,110-Cty TNHH Lotte Viet Nam,PKD - G?1,2
3473446,17559,110-CONG TY TNHH NTPM(VIET NAM)-NR,HNR - G?1,3
3473447,18833,100-Cong ty CP TD Kim Duc -NR,HNR - G?1,4
3276842,11119,110-Cty TNHH Lotte Viet Nam,PKD - G?1,2
3276843,11119,110-Cty TNHH Lotte Viet Nam,PKD - G?1,2
3277949,15506,111-Cty Bot giat LIX-NR,HNR - G?1,3
3277950,15506,111-Cty Bot giat LIX-NR,HNR - G?1,3
3278389,16701,100-Cty CPTP Binh Tay-NR,HNR - G?1,2
3278390,16701,100-Cty CPTP Binh Tay-NR,HNR - G?1,2
3278393,20944,111-Cty TNHH Luong Thuc Angimex-NR,HNR - G?1,2
3278394,20944,111-Cty TNHH Luong Thuc Angimex-NR,HNR - G?1,2
3364612,16964,100-CTy TNHH Tan Hop Thanh,PKD - G?1,4
3365055,20944,111-Cty TNHH Luong Thuc Angimex-NR,HNR - G?1,2
3455364,11773,110-CTy CP SX Nhua Duy Tan,PKD - G?1,4
3455946,11011,100-CT TNHH SX Do Gia DungElmich-NR,HNR - G?1,4
3455948,17666,100-Cty CP SXTM Tai Tai-NR,HNR - G?1,2
3406659,16964,100-CTy TNHH Tan Hop Thanh,PKD - G?1,4
3406717,11773,110-CTy CP SX Nhua Duy Tan,PKD - G?1,4
3406719,11773,110-CTy CP SX Nhua Duy Tan,PKD - G?1,4
3406721,11773,110-CTy CP SX Nhua Duy Tan,PKD - G?1,4
3406723,11773,110-CTy CP SX Nhua Duy Tan,PKD - G?1,4
3501642,20484,100-CTYCP DUOC PHAM&SINH HOC YTE-NR,HNR - G?1,3
3510697,20734,100-Cty CP Dau Tu Hai Thien Minh-NR,HNR - G?1,2
3510698,20734,100-Cty CP Dau Tu Hai Thien Minh-NR,HNR - G?1,2
3510699,20734,100-Cty CP Dau Tu Hai Thien Minh-NR,HNR - G?1,2
3510700,20734,100-Cty CP Dau Tu Hai Thien Minh-NR,HNR - G?1,2
3175364,20142,111-Cty TNHH Wilmar Mar.CLV-Sua ,PKD - G?1,2
3403158,12547,131-Cty CP Uniben,PKD - G?1,2
3403160,12547,131-Cty CP Uniben,PKD - G?1,2
3403162,12547,131-Cty CP Uniben,PKD - G?1,2
3413710,12320,111-Cty TNHH MTV TNI,PKD - G?1,2
3413711,12320,111-Cty TNHH MTV TNI,PKD - G?1,2
3413712,12320,111-Cty TNHH MTV TNI,PKD - G?1,2
3507585,11773,110-CTy CP SX Nhua Duy Tan,PKD - G?1,4
3419604,11773,110-CTy CP SX Nhua Duy Tan,PKD - G?1,4
3422258,11773,110-CTy CP SX Nhua Duy Tan,PKD - G?1,4
3422250,11773,110-CTy CP SX Nhua Duy Tan,PKD - G?1,4
3519233,11773,110-CTy CP SX Nhua Duy Tan,PKD - G?1,4
3541455,15800,110-Cty TNHH 1TV Tri Hoi,PKD - G?1,3
3392950,11773,110-CTy CP SX Nhua Duy Tan,PKD - G?1,4
3517502,11773,110-CTy CP SX Nhua Duy Tan,PKD - G?1,4
3390756,11773,110-CTy CP SX Nhua Duy Tan,PKD - G?1,4
3476197,11773,110-CTy CP SX Nhua Duy Tan,PKD - G?1,4
3011823,11773,110-CTy CP SX Nhua Duy Tan,PKD - G?1,4
3509235,11773,110-CTy CP SX Nhua Duy Tan,PKD - G?1,4
3438240,11773,110-CTy CP SX Nhua Duy Tan,PKD - G?1,4
3436536,11773,110-CTy CP SX Nhua Duy Tan,PKD - G?1,4
3434404,11773,110-CTy CP SX Nhua Duy Tan,PKD - G?1,4
3552975,11773,110-CTy CP SX Nhua Duy Tan,PKD - G?1,4
3368152,11773,110-CTy CP SX Nhua Duy Tan,PKD - G?1,4
3537737,15208,100-CN CT CP GiaDung GOLDSUN(TP.HN),PKD - G?1,4
3548188,11773,110-CTy CP SX Nhua Duy Tan,PKD - G?1,4
3548189,11773,110-CTy CP SX Nhua Duy Tan,PKD - G?1,4
3548191,11773,110-CTy CP SX Nhua Duy Tan,PKD - G?1,4
3555041,11773,110-CTy CP SX Nhua Duy Tan,PKD - G?1,4
3448563,11773,110-CTy CP SX Nhua Duy Tan,PKD - G?1,4
3555042,11773,110-CTy CP SX Nhua Duy Tan,PKD - G?1,4
3546767,11773,110-CTy CP SX Nhua Duy Tan,PKD - G?1,4
3555040,11773,110-CTy CP SX Nhua Duy Tan,PKD - G?1,4
3503276,11773,110-CTy CP SX Nhua Duy Tan,PKD - G?1,4
3503277,11773,110-CTy CP SX Nhua Duy Tan,PKD - G?1,4
3419131,11773,110-CTy CP SX Nhua Duy Tan,PKD - G?1,4
3422582,11773,110-CTy CP SX Nhua Duy Tan,PKD - G?1,4
3553316,20779,111-CTyTNHH WILMAR MARKETING CLV-HP,PKD - G?1,3
3490338,11773,110-CTy CP SX Nhua Duy Tan,PKD - G?1,4
3312781,11773,110-CTy CP SX Nhua Duy Tan,PKD - G?1,4
3342478,11773,110-CTy CP SX Nhua Duy Tan,PKD - G?1,4
3550806,15208,100-CN CT CP GiaDung GOLDSUN(TP.HN),PKD - G?1,4
3065101,11773,110-CTy CP SX Nhua Duy Tan,PKD - G?1,4
3065131,11773,110-CTy CP SX Nhua Duy Tan,PKD - G?1,4
3269076,16506,110-CTyTNHHSXTMDVDaiPhuocThanh-NR,HNR - G?1,3
3271310,16760,110-Cua Hang Hue Lam,PKD - G?1,3
3318852,11119,110-Cty TNHH Lotte Viet Nam,PKD - G?1,2
3320019,15506,111-Cty Bot giat LIX-NR,HNR - G?1,3
3360436,19219,130-Cty TNHH Nabati Viet Nam,PKD - G?1,2
3361960,11119,110-Cty TNHH Lotte Viet Nam,PKD - G?1,2
3532867,10023,111-Cty Ajinomoto Bien Hoa ,PKD - G?1,2
3533214,11773,110-CTy CP SX Nhua Duy Tan,PKD - G?1,4
3533215,11773,110-CTy CP SX Nhua Duy Tan,PKD - G?1,4
3533269,20846,111-Cty Co Phan Tap Doan KIDO ,PKD - G?1,2
3533840,20846,111-Cty Co Phan Tap Doan KIDO ,PKD - G?1,2
3534020,15208,100-CN CT CP GiaDung GOLDSUN(TP.HN),PKD - G?1,4
3535084,15208,100-CN CT CP GiaDung GOLDSUN(TP.HN),PKD - G?1,4
3535595,11773,110-CTy CP SX Nhua Duy Tan,PKD - G?1,4
3535596,11773,110-CTy CP SX Nhua Duy Tan,PKD - G?1,4
3535608,15208,100-CN CT CP GiaDung GOLDSUN(TP.HN),PKD - G?1,4
3535759,21076,110-Cong Ty TNHH SALACOS -NR,HNR - G?1,3
3535760,21076,110-Cong Ty TNHH SALACOS -NR,HNR - G?1,3
3535761,21076,110-Cong Ty TNHH SALACOS -NR,HNR - G?1,3
3536326,10023,111-Cty Ajinomoto Bien Hoa ,PKD - G?1,2
3536397,11773,110-CTy CP SX Nhua Duy Tan,PKD - G?1,4
3536398,11773,110-CTy CP SX Nhua Duy Tan,PKD - G?1,4
3536399,11773,110-CTy CP SX Nhua Duy Tan,PKD - G?1,4
3536400,11773,110-CTy CP SX Nhua Duy Tan,PKD - G?1,4
3536484,15208,100-CN CT CP GiaDung GOLDSUN(TP.HN),PKD - G?1,4
3536485,15208,100-CN CT CP GiaDung GOLDSUN(TP.HN),PKD - G?1,4
3536486,15208,100-CN CT CP GiaDung GOLDSUN(TP.HN),PKD - G?1,4
3537271,17733,100-CTY TNHH SX& XD TMDVXNK VINA-NR,HNR - G?1,3
3126487,10023,111-Cty Ajinomoto Bien Hoa ,PKD - G?1,2
3168725,11773,110-CTy CP SX Nhua Duy Tan,PKD - G?1,4
3168726,11773,110-CTy CP SX Nhua Duy Tan,PKD - G?1,4
3168727,11773,110-CTy CP SX Nhua Duy Tan,PKD - G?1,4
3168728,11773,110-CTy CP SX Nhua Duy Tan,PKD - G?1,4
3168729,11773,110-CTy CP SX Nhua Duy Tan,PKD - G?1,4
3168730,11773,110-CTy CP SX Nhua Duy Tan,PKD - G?1,4
3168732,11773,110-CTy CP SX Nhua Duy Tan,PKD - G?1,4
3384314,15800,110-Cty TNHH 1TV Tri Hoi,PKD - G?1,3
3384346,19219,130-Cty TNHH Nabati Viet Nam,PKD - G?1,2
3384347,19219,130-Cty TNHH Nabati Viet Nam,PKD - G?1,2
3490335,11773,110-CTy CP SX Nhua Duy Tan,PKD - G?1,4
3490337,11773,110-CTy CP SX Nhua Duy Tan,PKD - G?1,4
3437745,15506,111-Cty Bot giat LIX-NR,HNR - G?1,3
3437747,20846,111-Cty Co Phan Tap Doan KIDO ,PKD - G?1,2
3437748,15506,111-Cty Bot giat LIX-NR,HNR - G?1,3
3437749,15506,111-Cty Bot giat LIX-NR,HNR - G?1,3
3437750,15506,111-Cty Bot giat LIX-NR,HNR - G?1,3
3509078,15348,130-CTY CP SX Tra Hung Phat,PKD - G?1,2
3518674,15208,100-CN CT CP GiaDung GOLDSUN(TP.HN),PKD - G?1,4
3518677,15208,100-CN CT CP GiaDung GOLDSUN(TP.HN),PKD - G?1,4
3518681,11773,110-CTy CP SX Nhua Duy Tan,PKD - G?1,4
3518682,11773,110-CTy CP SX Nhua Duy Tan,PKD - G?1,4
3518688,11773,110-CTy CP SX Nhua Duy Tan,PKD - G?1,4
3519042,20812,100-Cty CP TP ThNhien King Green-NR,HNR - G?1,2
3519043,20812,100-Cty CP TP ThNhien King Green-NR,HNR - G?1,2
3519044,20812,100-Cty CP TP ThNhien King Green-NR,HNR - G?1,2
3519045,20812,100-Cty CP TP ThNhien King Green-NR,HNR - G?1,2
3519231,11773,110-CTy CP SX Nhua Duy Tan,PKD - G?1,4
3519232,11773,110-CTy CP SX Nhua Duy Tan,PKD - G?1,4
3557778,15208,100-CN CT CP GiaDung GOLDSUN(TP.HN),PKD - G?1,4
3307987,12989,100-CTY TNHH SAMRAN,PKD - G?1,4
3352387,19219,130-Cty TNHH Nabati Viet Nam,PKD - G?1,2
3352971,16964,100-CTy TNHH Tan Hop Thanh,PKD - G?1,4
3352974,16964,100-CTy TNHH Tan Hop Thanh,PKD - G?1,4
3352990,11119,110-Cty TNHH Lotte Viet Nam,PKD - G?1,2
3450259,11773,110-CTy CP SX Nhua Duy Tan,PKD - G?1,4
3450271,11773,110-CTy CP SX Nhua Duy Tan,PKD - G?1,4
3450830,20846,111-Cty Co Phan Tap Doan KIDO ,PKD - G?1,2
3362388,11773,110-CTy CP SX Nhua Duy Tan,PKD - G?1,4
3454990,17638,100-Cty CP TP Va Do Uong Vinatea-NR,HNR - G?1,2
3454991,17638,100-Cty CP TP Va Do Uong Vinatea-NR,HNR - G?1,2
3454992,17638,100-Cty CP TP Va Do Uong Vinatea-NR,HNR - G?1,2
3454993,17638,100-Cty CP TP Va Do Uong Vinatea-NR,HNR - G?1,2
3454994,17639,100-Cty TNHH Eikodo Viet Nam-NR,HNR - G?1,2
3454995,17639,100-Cty TNHH Eikodo Viet Nam-NR,HNR - G?1,2
3454996,17639,100-Cty TNHH Eikodo Viet Nam-NR,HNR - G?1,2
3454997,17639,100-Cty TNHH Eikodo Viet Nam-NR,HNR - G?1,2
3525067,21076,110-Cong Ty TNHH SALACOS -NR,HNR - G?1,3
3525068,21076,110-Cong Ty TNHH SALACOS -NR,HNR - G?1,3
3525069,21076,110-Cong Ty TNHH SALACOS -NR,HNR - G?1,3
3525114,17733,100-CTY TNHH SX& XD TMDVXNK VINA-NR,HNR - G?1,3
3525115,17733,100-CTY TNHH SX& XD TMDVXNK VINA-NR,HNR - G?1,3
3525116,20484,100-CTYCP DUOC PHAM&SINH HOC YTE-NR,HNR - G?1,3
3525167,20812,100-Cty CP TP ThNhien King Green-NR,HNR - G?1,2
3527979,17559,110-CONG TY TNHH NTPM(VIET NAM)-NR,HNR - G?1,3
3527980,17733,100-CTY TNHH SX& XD TMDVXNK VINA-NR,HNR - G?1,3
3011821,11773,110-CTy CP SX Nhua Duy Tan,PKD - G?1,4
3011822,11773,110-CTy CP SX Nhua Duy Tan,PKD - G?1,4
3012259,11773,110-CTy CP SX Nhua Duy Tan,PKD - G?1,4
3012260,11773,110-CTy CP SX Nhua Duy Tan,PKD - G?1,4
3012311,11773,110-CTy CP SX Nhua Duy Tan,PKD - G?1,4
3244892,14337,130-Cty TNHH VINH TIEN,PKD - G?1,2
3246587,12989,100-CTY TNHH SAMRAN,PKD - G?1,4
3281313,11773,110-CTy CP SX Nhua Duy Tan,PKD - G?1,4
3281318,11773,110-CTy CP SX Nhua Duy Tan,PKD - G?1,4
3281320,11773,110-CTy CP SX Nhua Duy Tan,PKD - G?1,4
3281321,11773,110-CTy CP SX Nhua Duy Tan,PKD - G?1,4
3281511,11773,110-CTy CP SX Nhua Duy Tan,PKD - G?1,4
3282513,15506,111-Cty Bot giat LIX-NR,HNR - G?1,3
3282731,10023,111-Cty Ajinomoto Bien Hoa ,PKD - G?1,2
3282735,16760,110-Cua Hang Hue Lam,PKD - G?1,3
3282736,16760,110-Cua Hang Hue Lam,PKD - G?1,3
3282737,16760,110-Cua Hang Hue Lam,PKD - G?1,3
3282933,11773,110-CTy CP SX Nhua Duy Tan,PKD - G?1,4
3328714,11773,110-CTy CP SX Nhua Duy Tan,PKD - G?1,4
3509253,11773,110-CTy CP SX Nhua Duy Tan,PKD - G?1,4
3113220,20142,111-Cty TNHH Wilmar Mar.CLV-Sua ,PKD - G?1,2
3113222,20142,111-Cty TNHH Wilmar Mar.CLV-Sua ,PKD - G?1,2
3378042,16964,100-CTy TNHH Tan Hop Thanh,PKD - G?1,4
3466390,20846,111-Cty Co Phan Tap Doan KIDO ,PKD - G?1,2
3466392,15790,110-CTy CP HMP My Hao,PKD - G?1,3
3467305,15790,110-CTy CP HMP My Hao,PKD - G?1,3
3467853,10023,111-Cty Ajinomoto Bien Hoa ,PKD - G?1,2
3214107,10023,111-Cty Ajinomoto Bien Hoa ,PKD - G?1,2
3216135,10023,111-Cty Ajinomoto Bien Hoa ,PKD - G?1,2
3217101,15506,111-Cty Bot giat LIX-NR,HNR - G?1,3
3217105,15506,111-Cty Bot giat LIX-NR,HNR - G?1,3
3217598,12547,131-Cty CP Uniben,PKD - G?1,2
3217698,11777,100-CT CP Nhua Rang Dong Long An-NR,HNR - G?1,4
3451265,12320,111-Cty TNHH MTV TNI,PKD - G?1,2
3110820,15790,110-CTy CP HMP My Hao,PKD - G?1,3
3110821,15790,110-CTy CP HMP My Hao,PKD - G?1,3
3336962,16964,100-CTy TNHH Tan Hop Thanh,PKD - G?1,4
3336963,16964,100-CTy TNHH Tan Hop Thanh,PKD - G?1,4
3337528,11119,110-Cty TNHH Lotte Viet Nam,PKD - G?1,2
3377186,10023,111-Cty Ajinomoto Bien Hoa ,PKD - G?1,2
3460722,11773,110-CTy CP SX Nhua Duy Tan,PKD - G?1,4
3460723,11773,110-CTy CP SX Nhua Duy Tan,PKD - G?1,4
3463138,15790,110-CTy CP HMP My Hao,PKD - G?1,3
3463139,15790,110-CTy CP HMP My Hao,PKD - G?1,3
3463140,15790,110-CTy CP HMP My Hao,PKD - G?1,3
3463141,15790,110-CTy CP HMP My Hao,PKD - G?1,3
3463142,15790,110-CTy CP HMP My Hao,PKD - G?1,3
3463143,15790,110-CTy CP HMP My Hao,PKD - G?1,3
3463144,15790,110-CTy CP HMP My Hao,PKD - G?1,3
3463145,15790,110-CTy CP HMP My Hao,PKD - G?1,3
3400317,11773,110-CTy CP SX Nhua Duy Tan,PKD - G?1,4
3400318,11773,110-CTy CP SX Nhua Duy Tan,PKD - G?1,4
3400319,11773,110-CTy CP SX Nhua Duy Tan,PKD - G?1,4
3400708,11119,110-Cty TNHH Lotte Viet Nam,PKD - G?1,2
3401492,10023,111-Cty Ajinomoto Bien Hoa ,PKD - G?1,2
3401493,10023,111-Cty Ajinomoto Bien Hoa ,PKD - G?1,2
3401494,10023,111-Cty Ajinomoto Bien Hoa ,PKD - G?1,2
3413586,11773,110-CTy CP SX Nhua Duy Tan,PKD - G?1,4
3422157,12320,111-Cty TNHH MTV TNI,PKD - G?1,2
3422161,12320,111-Cty TNHH MTV TNI,PKD - G?1,2
3422249,11773,110-CTy CP SX Nhua Duy Tan,PKD - G?1,4
3422251,11773,110-CTy CP SX Nhua Duy Tan,PKD - G?1,4
3422252,11773,110-CTy CP SX Nhua Duy Tan,PKD - G?1,4
3422259,11773,110-CTy CP SX Nhua Duy Tan,PKD - G?1,4
3422432,16506,110-CTyTNHHSXTMDVDaiPhuocThanh-NR,HNR - G?1,3
3422473,11773,110-CTy CP SX Nhua Duy Tan,PKD - G?1,4
3422474,11773,110-CTy CP SX Nhua Duy Tan,PKD - G?1,4
3422581,11773,110-CTy CP SX Nhua Duy Tan,PKD - G?1,4
3422583,11773,110-CTy CP SX Nhua Duy Tan,PKD - G?1,4
3542948,16964,100-CTy TNHH Tan Hop Thanh,PKD - G?1,4
3542951,16964,100-CTy TNHH Tan Hop Thanh,PKD - G?1,4
3543334,15208,100-CN CT CP GiaDung GOLDSUN(TP.HN),PKD - G?1,4
3543871,11773,110-CTy CP SX Nhua Duy Tan,PKD - G?1,4
3543872,11773,110-CTy CP SX Nhua Duy Tan,PKD - G?1,4
3007093,15790,110-CTy CP HMP My Hao,PKD - G?1,3
3290133,10023,111-Cty Ajinomoto Bien Hoa ,PKD - G?1,2
3290134,10023,111-Cty Ajinomoto Bien Hoa ,PKD - G?1,2
3298228,20846,111-Cty Co Phan Tap Doan KIDO ,PKD - G?1,2
3298487,16964,100-CTy TNHH Tan Hop Thanh,PKD - G?1,4
3298488,16964,100-CTy TNHH Tan Hop Thanh,PKD - G?1,4
3298489,16964,100-CTy TNHH Tan Hop Thanh,PKD - G?1,4
3300069,12989,100-CTY TNHH SAMRAN,PKD - G?1,4
3300070,11773,110-CTy CP SX Nhua Duy Tan,PKD - G?1,4
3300071,11773,110-CTy CP SX Nhua Duy Tan,PKD - G?1,4
3345933,10023,111-Cty Ajinomoto Bien Hoa ,PKD - G?1,2
3447980,20846,111-Cty Co Phan Tap Doan KIDO ,PKD - G?1,2
3229501,10023,111-Cty Ajinomoto Bien Hoa ,PKD - G?1,2
3231570,10023,111-Cty Ajinomoto Bien Hoa ,PKD - G?1,2
3232249,21018,100-Congty CP Phuc Long Heritage-NR,HNR - G?1,2
3232250,21018,100-Congty CP Phuc Long Heritage-NR,HNR - G?1,2
3296686,15506,111-Cty Bot giat LIX-NR,HNR - G?1,3
3341299,19939,100-Cty TNHH Muoi Thanh Phat-NR,HNR - G?1,2
3342477,11773,110-CTy CP SX Nhua Duy Tan,PKD - G?1,4
3342479,11773,110-CTy CP SX Nhua Duy Tan,PKD - G?1,4
3343026,16964,100-CTy TNHH Tan Hop Thanh,PKD - G?1,4
3343029,16964,100-CTy TNHH Tan Hop Thanh,PKD - G?1,4
3343030,16964,100-CTy TNHH Tan Hop Thanh,PKD - G?1,4
3343031,16964,100-CTy TNHH Tan Hop Thanh,PKD - G?1,4
3343735,15506,111-Cty Bot giat LIX-NR,HNR - G?1,3
3344279,11773,110-CTy CP SX Nhua Duy Tan,PKD - G?1,4
3344291,16964,100-CTy TNHH Tan Hop Thanh,PKD - G?1,4
3544249,11773,110-CTy CP SX Nhua Duy Tan,PKD - G?1,4
3545124,11773,110-CTy CP SX Nhua Duy Tan,PKD - G?1,4
3545291,16760,110-Cua Hang Hue Lam,PKD - G?1,3
3545693,11119,110-Cty TNHH Lotte Viet Nam,PKD - G?1,2
3546388,11773,110-CTy CP SX Nhua Duy Tan,PKD - G?1,4
3546389,11773,110-CTy CP SX Nhua Duy Tan,PKD - G?1,4
3546390,11773,110-CTy CP SX Nhua Duy Tan,PKD - G?1,4
3546391,11773,110-CTy CP SX Nhua Duy Tan,PKD - G?1,4
3547498,11773,110-CTy CP SX Nhua Duy Tan,PKD - G?1,4
3547499,11773,110-CTy CP SX Nhua Duy Tan,PKD - G?1,4
3547500,11773,110-CTy CP SX Nhua Duy Tan,PKD - G?1,4
3547501,11773,110-CTy CP SX Nhua Duy Tan,PKD - G?1,4
3548190,11773,110-CTy CP SX Nhua Duy Tan,PKD - G?1,4
3201689,11119,110-Cty TNHH Lotte Viet Nam,PKD - G?1,2
3205668,11119,110-Cty TNHH Lotte Viet Nam,PKD - G?1,2
3409368,11773,110-CTy CP SX Nhua Duy Tan,PKD - G?1,4
3409369,11773,110-CTy CP SX Nhua Duy Tan,PKD - G?1,4
3419129,11773,110-CTy CP SX Nhua Duy Tan,PKD - G?1,4
3419602,11773,110-CTy CP SX Nhua Duy Tan,PKD - G?1,4
3419603,11773,110-CTy CP SX Nhua Duy Tan,PKD - G?1,4
3419605,11773,110-CTy CP SX Nhua Duy Tan,PKD - G?1,4
3504123,15208,100-CN CT CP GiaDung GOLDSUN(TP.HN),PKD - G?1,4
3504124,15208,100-CN CT CP GiaDung GOLDSUN(TP.HN),PKD - G?1,4
3537640,20536,100-CTYTNHH THIET BI YTE HA TRAN-NR,HNR - G?1,3
3537715,15208,100-CN CT CP GiaDung GOLDSUN(TP.HN),PKD - G?1,4
3538108,19219,130-Cty TNHH Nabati Viet Nam,PKD - G?1,2
3538420,15208,100-CN CT CP GiaDung GOLDSUN(TP.HN),PKD - G?1,4
3538565,11773,110-CTy CP SX Nhua Duy Tan,PKD - G?1,4
3538566,11773,110-CTy CP SX Nhua Duy Tan,PKD - G?1,4
3538567,11773,110-CTy CP SX Nhua Duy Tan,PKD - G?1,4
3538568,11773,110-CTy CP SX Nhua Duy Tan,PKD - G?1,4
3538569,11773,110-CTy CP SX Nhua Duy Tan,PKD - G?1,4
3538570,11773,110-CTy CP SX Nhua Duy Tan,PKD - G?1,4
3538571,11773,110-CTy CP SX Nhua Duy Tan,PKD - G?1,4
3538788,20779,111-CTyTNHH WILMAR MARKETING CLV-HP,PKD - G?1,3
3538789,20779,111-CTyTNHH WILMAR MARKETING CLV-HP,PKD - G?1,3
3538908,15208,100-CN CT CP GiaDung GOLDSUN(TP.HN),PKD - G?1,4
3540798,20888,100-Cty CP SX TM Nhua Hoang Chau-NR,HNR - G?1,4
3540979,20779,111-CTyTNHH WILMAR MARKETING CLV-HP,PKD - G?1,3
3540980,20779,111-CTyTNHH WILMAR MARKETING CLV-HP,PKD - G?1,3
3541385,11773,110-CTy CP SX Nhua Duy Tan,PKD - G?1,4
3541386,11773,110-CTy CP SX Nhua Duy Tan,PKD - G?1,4
3541387,11773,110-CTy CP SX Nhua Duy Tan,PKD - G?1,4
3541388,11773,110-CTy CP SX Nhua Duy Tan,PKD - G?1,4
3541389,11773,110-CTy CP SX Nhua Duy Tan,PKD - G?1,4
3541390,11773,110-CTy CP SX Nhua Duy Tan,PKD - G?1,4
3541391,11773,110-CTy CP SX Nhua Duy Tan,PKD - G?1,4
3541392,11773,110-CTy CP SX Nhua Duy Tan,PKD - G?1,4
3541456,15800,110-Cty TNHH 1TV Tri Hoi,PKD - G?1,3
3541457,15800,110-Cty TNHH 1TV Tri Hoi,PKD - G?1,3
3541458,15800,110-Cty TNHH 1TV Tri Hoi,PKD - G?1,3
3541461,15800,110-Cty TNHH 1TV Tri Hoi,PKD - G?1,3
3541462,15800,110-Cty TNHH 1TV Tri Hoi,PKD - G?1,3
3541467,15208,100-CN CT CP GiaDung GOLDSUN(TP.HN),PKD - G?1,4
3541546,11773,110-CTy CP SX Nhua Duy Tan,PKD - G?1,4
3541547,11773,110-CTy CP SX Nhua Duy Tan,PKD - G?1,4
3541924,11773,110-CTy CP SX Nhua Duy Tan,PKD - G?1,4
3541939,11773,110-CTy CP SX Nhua Duy Tan,PKD - G?1,4
3541940,11773,110-CTy CP SX Nhua Duy Tan,PKD - G?1,4
3541941,11773,110-CTy CP SX Nhua Duy Tan,PKD - G?1,4
3196362,15800,110-Cty TNHH 1TV Tri Hoi,PKD - G?1,3
3196363,15800,110-Cty TNHH 1TV Tri Hoi,PKD - G?1,3
3196365,15800,110-Cty TNHH 1TV Tri Hoi,PKD - G?1,3
3196368,15800,110-Cty TNHH 1TV Tri Hoi,PKD - G?1,3
3196370,15800,110-Cty TNHH 1TV Tri Hoi,PKD - G?1,3
3199340,12547,131-Cty CP Uniben,PKD - G?1,2
3199341,12547,131-Cty CP Uniben,PKD - G?1,2
3199342,12547,131-Cty CP Uniben,PKD - G?1,2
3199550,11119,110-Cty TNHH Lotte Viet Nam,PKD - G?1,2
3407767,11773,110-CTy CP SX Nhua Duy Tan,PKD - G?1,4
3408152,19219,130-Cty TNHH Nabati Viet Nam,PKD - G?1,2
3408174,15506,111-Cty Bot giat LIX-NR,HNR - G?1,3
3408176,15506,111-Cty Bot giat LIX-NR,HNR - G?1,3
3495684,11119,110-Cty TNHH Lotte Viet Nam,PKD - G?1,2
3502829,11119,110-Cty TNHH Lotte Viet Nam,PKD - G?1,2
3503165,16760,110-Cua Hang Hue Lam,PKD - G?1,3
3503221,10023,111-Cty Ajinomoto Bien Hoa ,PKD - G?1,2
3503267,17639,100-Cty TNHH Eikodo Viet Nam-NR,HNR - G?1,2
3503301,20536,100-CTYTNHH THIET BI YTE HA TRAN-NR,HNR - G?1,3
3503302,20536,100-CTYTNHH THIET BI YTE HA TRAN-NR,HNR - G?1,3
3503303,20536,100-CTYTNHH THIET BI YTE HA TRAN-NR,HNR - G?1,3
